



PK;NOMBRE;DESCRIPCION-ENTIDAD;HORARIO;EQUIPAMIENTO;TRANSPORTE;DESCRIPCION;ACCESIBILIDAD;CONTENT-URL;NOMBRE-VIA;CLASE-VIAL;TIPO-NUM;NUM;PLANTA;PUERTA;ESCALERAS;ORIENTACION;LOCALIDAD;PROVINCIA;CODIGO-POSTAL;BARRIO;DISTRITO;COORDENADA-X;COORDENADA-Y;LATITUD;LONGITUD;TELEFONO;FAX;EMAIL;TIPO;
5989871;"Auditorio Carmen Laforet (Ciudad Lineal)";"Ubicado en el Centro de Mayores Carmen Laforet";"";"1 Salón de actos (190 butacas)El salón de actos se cede para ensayos.";"Metro: Pinar de Chamartín (líneas 1, 4 y línea 1 metro ligero)Bus: 29, 125, 129, 150";"";"1";"http://www.madrid.es/sites/v/index.jsp?vgnextchannel=bfa48ab43d6bb410VgnVCM100000171f5a0aRCRD&vgnextoid=fca22248514ae210VgnVCM1000000b205a0aRCRD";"JAZMIN";"CALLE";"V";"46";"";"";"";"";"MADRID";"MADRID";"28033";"COSTILLARES";"CIUDAD LINEAL";"443568";"4481205";"40.47960826297022";"-3.665799020694628";"913 831 456";"";"";"/contenido/entidadesYorganismos/AuditoriosSalasConcierto"; 
2389;"Auditorio al aire libre. Parque del Calero";"";"";"";"Metro: Quintana (línea 5), Barrio de la Concepción (línea 7).Bus: 21, 48 , 146.";"Mantenimiento:Dependiente de la Junta Municipal de Distrito de Ciudad Lineal.";"1";"http://www.madrid.es/sites/v/index.jsp?vgnextchannel=bfa48ab43d6bb410VgnVCM100000171f5a0aRCRD&vgnextoid=c6237b503a71c010VgnVCM1000000b205a0aRCRD";"JOSE DEL HIERRO";"CALLE";"V";"3";"";"";"";"";"MADRID";"MADRID";"28027";"CONCEPCION";"CIUDAD LINEAL";"444836";"4476387";"40.43629956289038";"-3.6504096146979457";"917654317 - Únicamente información sobre la propia instalación, la información sobre las actividades se consulta a través de las publicaciones especificas de cada una de ellas.";"";"cultuclineal@madrid.es";"/contenido/entidadesYorganismos/AuditoriosSalasConcierto"; 
139451;"Auditorio y sala de exposiciones Paco de Lucía (Latina)";"";"De lunes a viernes, de 9 a 14 y de 17 a 20 horas.Agosto cerrado.";"Sala de exposiciones.Salón de actos / auditorio (Aforo 275 personas).";"Metro: Aluche (línea 5).Bus: 117, 139, 155, 17.Cercanías Renfe: Aluche (línea C5).";"";"1";"http://www.madrid.es/sites/v/index.jsp?vgnextchannel=bfa48ab43d6bb410VgnVCM100000171f5a0aRCRD&vgnextoid=6089ba61e681c010VgnVCM1000000b205a0aRCRD";"LAS AGUILAS";"AVENIDA";"V";"2";"";"";"";"A";"MADRID";"MADRID";"28044";"LAS AGUILAS";"LATINA";"435330";"4470783";"40.38513183038149";"-3.761911556533903";"915 120 890";"";"";"/contenido/entidadesYorganismos/CentrosCulturales"; 
84763;"Centro Comunitario Casino de la Reina";"";"De apertura   De lunes a viernes de 8:30 a 21:30 horasSábados de 10 a 15 horas y de 16 a 21:30 horasDomingos cerrado. De atención de los Trabajadores Sociales Comunitarios (no es necesaria cita previa)Lunes a jueves de 9 a 19 horasViernes de 9 a 14 horasJulio y agosto de 9 a 15 horas.";"Orientación sobre recursos sociales a vecinos.Lugar de encuentro y espacio de trabajo compartido de los agentes sociales que trabajan en la cobertura de las necesidades sociales del distrito Centro.Información y asesoramiento a asociaciones y colectivos para la puesta en marcha de actividades sociales.Talleres grupales gratuitos realizados por la Administración Pública y/o asociaciones, dirigidos a menores, jóvenes, familias y adultos.Apoyo en el desarrollo de proyectos sociales, ofreciendo acompañamiento técnico y facilitando el uso de espacios.";"Metro: EmbajadoresBUS: 27 , 34 , 36 , 41 , 47 , 60 , 78 , 116 , 118 , 119 , 148Renfe: Embajadores";"Actividades y talleres grupales.Beneficiarios: Vecinos y asociaciones del Distrito Centro";"1";"http://www.madrid.es/sites/v/index.jsp?vgnextchannel=bfa48ab43d6bb410VgnVCM100000171f5a0aRCRD&vgnextoid=326f38d60b41c010VgnVCM2000000c205a0aRCRD";"CASINO";"CALLE";"V";"3";"";"";"";"";"MADRID";"MADRID";"28005";"EMBAJADORES";"CENTRO";"440213";"4473147";"40.406792648617134";"-3.7046086019457167";"91 539 63 10";"";"cccreina@madrid.es";"/contenido/entidadesYorganismos/CentrosAtencionSocial/CentrosServiciosSociales"; 
1914;"Centro Cultural - Centro Socio Cultural Villa de Barajas";"";"De lunes a viernes, de 9 a 14 y de 17 a 19 horas.  En el mes de agosto los dos centros permanecen cerrados. Fuera de este horario el centro permanecerá abierto durante la celebración de las actividades que se programen.";"3 salas de exposicionesSalón de actos / auditorio (Aforo 105 personas)12 aulasZona wifi2 gimnasios";"Metro: Barajas (línea 8)Bus: 101, 105, 115";"";"2";"http://www.madrid.es/sites/v/index.jsp?vgnextchannel=bfa48ab43d6bb410VgnVCM100000171f5a0aRCRD&vgnextoid=476c1e79ee71c010VgnVCM1000000b205a0aRCRD";"BOTICA";"CALLE";"V";"7";"";"";"";"y 10";"MADRID";"MADRID";"28042";"CASCO H.BARAJAS";"BARAJAS";"450961";"4480464";"40.473402418562216";"-3.5785233191070316";"913 291 803 / 913 291 676";"";"ccvillabarajas@madrid.es";"/contenido/entidadesYorganismos/CentrosCulturales"; 
117288;"Centro Cultural Agustín Díaz (Moncloa - Aravaca)";"";"De lunes a viernes, de 10 a 13:30 horas. Agosto cerrado.Fuera de este horario el centro permanecerá abierto durante la celebración de las actividades que se programen.";"5 aulas.2 gimnasios.";"Bus: 41, 75.";"";"1";"http://www.madrid.es/sites/v/index.jsp?vgnextchannel=bfa48ab43d6bb410VgnVCM100000171f5a0aRCRD&vgnextoid=2d07cbf06c81c010VgnVCM1000000b205a0aRCRD";"COMANDANTE FORTEA";"PASEO";"V";"42";"";"";"";"";"MADRID";"MADRID";"28008";"CASA DE CAMPO";"MONCLOA-ARAVACA";"437873";"4475469";"40.427538776051804";"-3.732422725110936";"915 487 772 / 915 487 773 / 915 487 774";"";"ccadiaz@madrid.es";"/contenido/entidadesYorganismos/CentrosCulturales"; 
118067;"Centro Cultural Alfredo Kraus (Fuencarral - El Pardo)";"";"Secretaría: de lunes a jueves de 9:30  a 14 y de 16 a 18. Viernes de 9:30 a 14 horas.Horario de apertura y cierre de lunes a sábado de 9:30 a 14 horas y de 16 a 20:30 horasDomingos y festivos cerrado";"Sala de exposicionesSala de lectura y estudio2 salones de actos / auditorio14 aulasCafeteríaZona wifi";"Bus: 49 , 64";"";"1";"http://www.madrid.es/sites/v/index.jsp?vgnextchannel=bfa48ab43d6bb410VgnVCM100000171f5a0aRCRD&vgnextoid=7337cbf06c81c010VgnVCM1000000b205a0aRCRD";"PRADERA DE VAQUERIZAS";"GLORIETA";"V";"9";"";"";"";"";"MADRID";"MADRID";"28035";"MIRASIERRA";"FUENCARRAL-EL PARDO";"438848";"4482487";"40.49082275610172";"-3.7216054330053647";"913 767 085";"";"ccakraus@madrid.es";"/contenido/entidadesYorganismos/CentrosCulturales"; 
1942;"Centro Cultural Antonio Machado (San Blas - Canillejas)";"";"De lunes a viernes, de 10 a 13:30 y de 17 a 18:30 horas. Agosto cerrada secretaría.Fuera de este horario el centro permanecerá abierto durante la celebración de las actividades que se programen.";"4 salas de exposiciones1 auditorio (aforo 400 personas)1 salón de actos (aforo 180 personas)2 salas de ensayo16 aulasJardín exteriorZona wifi";"Metro: Alsacia (línea 2)Bus: 4, 38, 48, 165";"";"1";"http://www.madrid.es/sites/v/index.jsp?vgnextchannel=bfa48ab43d6bb410VgnVCM100000171f5a0aRCRD&vgnextoid=cce43d0b5e71c010VgnVCM1000000b205a0aRCRD";"SAN ROMÁN DEL VALLE";"CALLE";"V";"8";"";"";"";"";"MADRID";"MADRID";"28037";"ARCOS";"SAN BLAS-CANILLEJAS";"447255";"4474591";"40.42027705095574";"-3.621741078700336";"913 135 294";"";"ccamachado@madrid.es";"/contenido/entidadesYorganismos/CentrosCulturales"; 
1919;"Centro Cultural Aravaca (Moncloa - Aravaca)";"";"Mañanas, de lunes a viernes, de 10 a 13:30.  Tardes, martes y miércoles de 17 a 19 horas.  Fuera de este horario el centro permanecerá abierto durante la celebración de las actividades que se programen.";"Sala de exposiciones. 6 aulas. Zona wifi.Sala de lectura y estudio.";"Bus: 160, 161.";"";"1";"http://www.madrid.es/sites/v/index.jsp?vgnextchannel=bfa48ab43d6bb410VgnVCM100000171f5a0aRCRD&vgnextoid=13153d0b5e71c010VgnVCM1000000b205a0aRCRD";"DE LA ZARZA";"CALLE";"V";"20";"";"";"";"";"MADRID";"MADRID";"28023";"ARAVACA";"MONCLOA-ARAVACA";"433370";"4478937";"40.45843103553325";"-3.785855667139094";"917 400 882 / 917 401 596";"";"ccaravaca@madrid.es";"/contenido/entidadesYorganismos/CentrosCulturales"; 
52511;"Centro Cultural Auditorio Parque El Paraíso (San Blas - Canillejas)";"";"";"";"Metro: Simancas (línea 7).Bus: 109, 38.";"";"1";"http://www.madrid.es/sites/v/index.jsp?vgnextchannel=bfa48ab43d6bb410VgnVCM100000171f5a0aRCRD&vgnextoid=a395946be351c010VgnVCM2000000c205a0aRCRD";"ARCENTALES";"AVENIDA";"V";"4";"";"";"";"";"MADRID";"MADRID";"28037";"HELLIN";"SAN BLAS-CANILLEJAS";"447225";"4475668";"40.42996840999023";"-3.622184001035289";"915 888 065";"";"cultusanblas@madrid.es";"/contenido/entidadesYorganismos/AuditoriosSalasConcierto"; 
64851;"Centro Cultural Buenavista (Salamanca)";"";"De lunes a jueves, 9 a 14 horas y de 16 a 18 horas. Viernes, de 9 a 14 horas.Julio: de lunes a viernes, de 9 a 14 horas.Agosto: cerradoFuera de este horario el centro permanecerá abierto durante la celebración de las actividades que se programen.";"Sala de exposicionesSalón de actos / auditorio (aforo 200 personas)8 aulasSala de conferencias (aforo 140 personas)";"Metro: Diego de León (líneas 4 , 5 , 6)Bus: 1, 74, 48, 12, 43, 56, C1, C2";"";"2";"http://www.madrid.es/sites/v/index.jsp?vgnextchannel=bfa48ab43d6bb410VgnVCM100000171f5a0aRCRD&vgnextoid=068e598d1351c010VgnVCM1000000b205a0aRCRD";"TOREROS";"AVENIDA";"V";"5";"";"";"";"";"MADRID";"MADRID";"28028";"GUINDALERA";"SALAMANCA";"443092";"4475923";"40.43200210571468";"-3.6709293330780204";"917 240 800 / 917 240 802";"";"ccbuenavista@madrid.es";"/contenido/entidadesYorganismos/CentrosCulturales"; 
1943;"Centro Cultural Buero Vallejo (San Blas - Canillejas)";"";"De lunes a viernes, de 9:30 a 13:30 y de 16:00 a 18 horas.  Fuera de este horario el centro permanecerá abierto durante la celebración de las actividades que se programen.";"Salón de actos / auditorio (aforo 264 personas)9 aulas (una de ellas cocina)";"Metro: Torres Arias y Canillejas (línea 5)Bus: 77, 140";"";"1";"http://www.madrid.es/sites/v/index.jsp?vgnextchannel=bfa48ab43d6bb410VgnVCM100000171f5a0aRCRD&vgnextoid=98953d0b5e71c010VgnVCM1000000b205a0aRCRD";"BOLTA&amp;Ntilde;A";"CALLE";"V";"27";"";"";"";"";"MADRID";"MADRID";"28022";"CANILLEJAS";"SAN BLAS-CANILLEJAS";"448023";"4477305";"40.44477474902185";"-3.6129105844633775";"917 411 182 / 917 411 013";"";"ccbvallejo@madrid.es";"/contenido/entidadesYorganismos/CentrosCulturales"; 
118317;"Centro Cultural Carril del Conde (Hortaleza)";"";"De lunes a jueves, de 9 a 14 horas y de 17 a 19 horas.Julio y agosto cerrado.Fuera de este horario el centro permanecerá abierto durante la celebración de las actividades que se programen.";"";"Metro: Arturo Soria (línea 4)Bus: 9, 72, 73";"Sala de exposicionesSala de lectura y estudioSalón de actos / auditorio (aforo 298 personas)9 aulasZona wifi";"1";"http://www.madrid.es/sites/v/index.jsp?vgnextchannel=bfa48ab43d6bb410VgnVCM100000171f5a0aRCRD&vgnextoid=66a7cbf06c81c010VgnVCM1000000b205a0aRCRD";"CARRIL DEL CONDE";"CALLE";"V";"57";"";"";"";"";"MADRID";"MADRID";"28043";"CANILLAS";"HORTALEZA";"444516";"4479119";"40.46088953531134";"-3.6544210187969433";"917 161 240";"";"cccarrilconde@madrid.es";"/contenido/entidadesYorganismos/CentrosCulturales"; 
1945;"Centro Cultural Casa de Vacas (Retiro)";"";"De lunes a domingo de 10 a 21:30 horas, excepto 25 diciembre y 1 enero que permanecerá cerrado.  Fuera de este horario el centro permanecerá abierto durante la celebración de las actividades que se programen.";"Sala de exposicionesSalón de actos / auditorio (aforo 150 personas)Zona wifiTerraza exterior";"Metro: Retiro (línea 2)Bus: 2, 20, 28BICIMAD: Estación 102 (calle Alcalá, 95), estación 60 (Plaza Independencia, 6)";"";"1";"http://www.madrid.es/sites/v/index.jsp?vgnextchannel=bfa48ab43d6bb410VgnVCM100000171f5a0aRCRD&vgnextoid=35e53d0b5e71c010VgnVCM1000000b205a0aRCRD";"COLOMBIA";"PASEO";"V";"1";"";"";"";"";"MADRID";"MADRID";"28009";"LOS JERONIMOS";"RETIRO";"441967";"4474495";"40.41906024374356";"-3.6840615387926956";"914 095 819";"";"cccasadevacas@madrid.es";"/contenido/entidadesYorganismos/SalasExposiciones"; 
1925;"Centro Cultural Casa del Reloj (Arganzuela)";"";"De lunes a viernes, de 10 a 13 y de 17 a 19 horas.  Julio: de lunes a viernes, de 10 a 14 horas.  Agosto cerrado.  San Isidro: De lunes a viernes, de 9 a 14 horas.  Fuera de este horario el centro permanecerá abierto durante la celebración de las actividades que se programen.";"2 Salas de exposiciones.Salón de actos / auditorio (aforo 265 personas).14 aulas.Nave de Terneras (aforo 492 personas).Cafetería.";"Metro: Legazpi (líneas 3, 6).Bus: 148, 18, 6, 78, 62.BICIMAD: Estación 165 (Paseo Chopera, 14).";"";"2";"http://www.madrid.es/sites/v/index.jsp?vgnextchannel=bfa48ab43d6bb410VgnVCM100000171f5a0aRCRD&vgnextoid=8b063d0b5e71c010VgnVCM1000000b205a0aRCRD";"CHOPERA";"PASEO";"V";"6";"";"";"";"Y 10";"MADRID";"MADRID";"28045";"CHOPERA";"ARGANZUELA";"440586";"4471782";"40.394522745106734";"-3.7000855961559855";"915 886 118 / 915 886 299";"";"crelojarganzuela@madrid.es";"/contenido/entidadesYorganismos/CentrosCulturales"; 
4551096;"Centro Cultural Ciudad Pegaso (San Blas - Canillejas)";"";"De lunes a viernes, de 10 a 12 horas y de 16:30 a 19 horas.  Fuera de este horario el centro permanecerá abierto durante la celebración de las actividades que se programen.";"2 Salas de exposiciones (bajo y 1&amp;ordf; planta)Sala de lectura y estudioSalón de actos / auditorio (aforo 132 personas)5 aulasZona wifi";"Bus: 77";"";"1";"http://www.madrid.es/sites/v/index.jsp?vgnextchannel=bfa48ab43d6bb410VgnVCM100000171f5a0aRCRD&vgnextoid=07f63190712b1110VgnVCM1000000b205a0aRCRD";"SÉPTIMA";"AVENIDA";"V";"11";"";"";"";"";"MADRID";"MADRID";"28022";"REJAS";"SAN BLAS-CANILLEJAS";"449282";"4477702";"40.448428925762634";"-3.5980969888187393";"913 209 770 / 917 413 092";"";"cccpegaso@madrid.es";"/contenido/entidadesYorganismos/CentrosCulturales"; 
8628780;"Centro Cultural Daoíz y Velarde";"";"";"";"Metro: Pacífico (línea 1), Menéndez Pelayo (línea 1)Bus: 24, 37, 54, 57, 141";"";"1";"http://www.madrid.es/sites/v/index.jsp?vgnextchannel=bfa48ab43d6bb410VgnVCM100000171f5a0aRCRD&vgnextoid=9928722c91042510VgnVCM1000000b205a0aRCRD";"DAOÍZ Y VELARDE";"PLAZA";"V";"4";"";"";"";"";"MADRID";"MADRID";"28007";"PACIFICO";"RETIRO";"442514";"4472633";"40.402324327188175";"-3.6774460025489395";"915 886 385";"";"";"/contenido/entidadesYorganismos/Teatros"; 
80143;"Centro Cultural Dotacional Integrado Arganzuela";"";"De lunes a sábado: 9 a 21 horas. Agosto cerrado.Fuera de este horario el centro permanecerá abierto durante la celebración de las actividades que se programen.";"Sala de exposiciones.Sala de lectura y estudio.Salón de actos / auditorio (aforo 151).8 aulas.Zona wifi.Cafetería.";"Metro: Palos de la Frontera (línea 3)Bus: 19, 247, 45, 47, 8, 86, 55, 6, E1, 59, 85.BICIMAD: Estación 120 (calle Palos de la Frontera, 40)Cercanías Renfe: Delicias (líneas C1, C7, C10, Regional).";"";"1";"http://www.madrid.es/sites/v/index.jsp?vgnextchannel=bfa48ab43d6bb410VgnVCM100000171f5a0aRCRD&vgnextoid=f9ea79262ef5d010VgnVCM1000000b205a0aRCRD";"CANARIAS";"CALLE";"V";"17";"";"";"";"";"MADRID";"MADRID";"28045";"PALOS DE MOGUER";"ARGANZUELA";"440979";"4472617";"40.40207279862862";"-3.6955325387824014";"915 063 610";"";"";"/contenido/entidadesYorganismos/CentrosCulturales"; 
5498725;"Centro Cultural Eduardo Úrculo (Tetuán)";"";"Mañanas, de lunes a viernes, de 9:30 a 13:30 y tardes, de lunes a jueves 16:30 a 18 horas.  Julio, de lunes a viernes, de 9:30 a 13:30 horas.  Agosto cerrado.  Fuera de este horario el centro permanecerá abierto durante la celebración de las actividades que se programen.";"2 salas de exposiciones1 Salón de actos / auditorio (aforo: 430 personas)4 Salas de ensayo12 aulasZona wifi (planta baja)Sala de vending";"Metro: Ventilla (línea 9)Bus: 177, 42";"";"1";"http://www.madrid.es/sites/v/index.jsp?vgnextchannel=bfa48ab43d6bb410VgnVCM100000171f5a0aRCRD&vgnextoid=f8f9338588355210VgnVCM1000000b205a0aRCRD";"DONOSO";"PLAZA";"V";"5";"";"";"";"";"MADRID";"MADRID";"28029";"ALMENARA";"TETUAN";"440857";"4480052";"40.46903299144094";"-3.6976620067964996";"917 337 249";"";"cceurculo@madrid.es";"/contenido/entidadesYorganismos/CentrosCulturales"; 
1931;"Centro Cultural Federico Chueca (Hortaleza)";"";"De lunes a viernes, de 9 a 14 y de 17 a 19 horas.Julio y Agosto, cerrado.Fuera de este horario el centro permanecerá abierto durante la celebración de las actividades que se programen.";"Salón de actos / auditorio (aforo 114 personas)3 aulas";"Bus: 72, 73, 87";"";"1";"http://www.madrid.es/sites/v/index.jsp?vgnextchannel=bfa48ab43d6bb410VgnVCM100000171f5a0aRCRD&vgnextoid=90573d0b5e71c010VgnVCM1000000b205a0aRCRD";"BENITA AVILA";"CALLE";"V";"17";"";"";"";"";"MADRID";"MADRID";"28043";"CANILLAS";"HORTALEZA";"444847";"4479572";"40.46498334634005";"-3.650568266584691";"913 000 389";"";"ccfchueca@madrid.es";"/contenido/entidadesYorganismos/CentrosCulturales"; 
4703628;"Centro Cultural Fernando Lázaro Carreter (Carabanchel)";"";"De lunes a viernes, mañanas, de 10 a 13 horas. De lunes a jueves, tardes, de 16:30 a 18 horas.Julio, de lunes a viernes, de 10 a 13 horas. Agosto cerrado. Fuera de este horario el centro permanecerá abierto durante la celebración de las actividades que se programen.";"Sala de exposicionesSala de lectura y estudioSalón de actos / auditorio (aforo 238 personas)7 aulas4 gimnasiosZona wifi";"Bus: 116, 55, 60, E1";"";"1";"http://www.madrid.es/sites/v/index.jsp?vgnextchannel=bfa48ab43d6bb410VgnVCM100000171f5a0aRCRD&vgnextoid=340ed2d6fe9a6110VgnVCM1000000b205a0aRCRD";"VERDAD";"CALLE";"V";"29";"";"";"";"";"MADRID";"MADRID";"28019";"OPAÑEL";"CARABANCHEL";"439136";"4471474";"40.39164343238081";"-3.717140510927299";"914 690 895";"";"cclazaro@madrid.es";"/contenido/entidadesYorganismos/CentrosCulturales"; 
1954;"Centro Cultural Fernando de los Ríos (Latina)";"";"De lunes a viernes, de 9 a 14 y de 16 a 18 horas.Julio, de lunes a viernes, de 9 a 14 horas.Fuera de este horario el centro permanecerá abierto durante la celebración de las actividades que se programen.";"Sala de exposiciones.Salón de actos / auditorio (Aforo 194 personas).11 aulas.Cafetería.Zona wifi.";"Bus: 25, 31, 138.";"En la misma sede: Biblioteca Pública Municipal de Aluche.Sala de Estudio Fernando de los Ríos de la Biblioteca.";"1";"http://www.madrid.es/sites/v/index.jsp?vgnextchannel=bfa48ab43d6bb410VgnVCM100000171f5a0aRCRD&vgnextoid=3d973d0b5e71c010VgnVCM1000000b205a0aRCRD";"CAMARENA";"CALLE";"V";"10";"";"";"";"B";"MADRID";"MADRID";"28047";"ALUCHE";"LATINA";"435819";"4471933";"40.39552931214334";"-3.7562667464373223";"917 198 930 / 917 198 931 / 917 198 993";"";"ccfrios@madrid.es";"/contenido/entidadesYorganismos/CentrosCulturales"; 
1944;"Centro Cultural Francisco Fatou (Villa de Vallecas)";"";"Lunes a viernes, de 9 a 14 y de 16 a 20 horas. Julio y agosto, de lunes a viernes, de 9 a 14 horas.Fuera de este horario el centro permanecerá abierto durante la celebración de las actividades que se programen.";"Sala de exposicionesSalón de actos / auditorio (aforo 94 personas)5 aulasZona wifiCafeteríaGimnasio";"Metro: Villa de Vallecas (línea 1)Bus: 54, 58, 103, 142, 143";"";"1";"http://www.madrid.es/sites/v/index.jsp?vgnextchannel=bfa48ab43d6bb410VgnVCM100000171f5a0aRCRD&vgnextoid=d9e73d0b5e71c010VgnVCM1000000b205a0aRCRD";"MANUEL VELEZ";"CALLE";"V";"10";"";"";"";"";"MADRID";"MADRID";"28031";"CASCO H.VALLECAS";"VILLA DE VALLECAS";"447107";"4470075";"40.379584618162156";"-3.623110349262379";"913 806 620 / 913 806 621";"";"ccfranciscofatou@madrid.es";"/contenido/entidadesYorganismos/CentrosCulturales"; 
70243;"Centro Cultural Gloria Fuertes (Barajas)";"";"De lunes a viernes, de 9 a 14 y de 17 a 19 horas.  Fuera de este horario el centro permanecerá abierto durante la celebración de las actividades que se programen.";"Sala de exposiciones4 AulasCafeteríaZona wifi Sala de lectura y estudio";"Bus: 105, 112, 115, 151, 166";"";"1";"http://www.madrid.es/sites/v/index.jsp?vgnextchannel=bfa48ab43d6bb410VgnVCM100000171f5a0aRCRD&vgnextoid=2e5068540e41c010VgnVCM2000000c205a0aRCRD";"LOGROÑO";"AVENIDA";"V";"179";"";"";"";"";"MADRID";"MADRID";"28042";"CORRALEJOS";"BARAJAS";"449666";"4479054";"40.460622835379624";"-3.5936877657335935";"913 120 243";"";"";"/contenido/entidadesYorganismos/CentrosCulturales"; 
1930;"Centro Cultural Hortaleza";"";"De lunes a viernes, de 9 a 14 horas y de 17 a 19 horas.Julio y agosto, de lunes a viernes, de 9 a 14 horas.Fuera de este horario el centro permanecerá abierto durante la celebración de las actividades que se programen.";"Sala de exposicionesSala de lectura y estudioSalón de actos / auditorio (aforo 80 personas)4 salas de ensayo5 aulasZona wifi";"Metro: Parque de Santa María (línea 4)Bus: 72, 87, 107";"";"1";"http://www.madrid.es/sites/v/index.jsp?vgnextchannel=bfa48ab43d6bb410VgnVCM100000171f5a0aRCRD&vgnextoid=86381e79ee71c010VgnVCM1000000b205a0aRCRD";"SANTA VIRGILIA";"CALLE";"V";"15";"";"";"";"";"MADRID";"MADRID";"28033";"PINAR DEL REY";"HORTALEZA";"445579";"4480884";"40.476859845869534";"-3.6420353342333227";"913 821 493";"";"cchortaleza@madrid.es";"/contenido/entidadesYorganismos/CentrosCulturales"; 
1929;"Centro Cultural Huerta de la Salud (Hortaleza)";"";"De lunes a viernes, de 9 a 14 (solo Salón de actos)Fuera de este horario el centro permanecerá abierto durante la celebración de las actividades que se programen. Silo de Hortaleza (Sala de exposiciones): de lunes a viernes de 17 a 21 horas, sábados de 10 a 14 horas.Por las mañanas, de lunes a viernes, el Silo podrá ser visitado por grupos, previa solicitud y autorización de la Unidad de Servicios Culturales y Ocio Comunitario.";"Salón de actos / Auditorio (aforo 114 personas)Sala de exposiciones (Silo de Hortaleza)Zona wifi";"Metro: San Lorenzo (línea 4)Bus: 9, 72, 87, 107";"";"1";"http://www.madrid.es/sites/v/index.jsp?vgnextchannel=bfa48ab43d6bb410VgnVCM100000171f5a0aRCRD&vgnextoid=dc581e79ee71c010VgnVCM1000000b205a0aRCRD";"MAR DE LAS ANTILLAS";"CALLE";"V";"8";"";"";"";"";"MADRID";"MADRID";"28033";"PINAR DEL REY";"HORTALEZA";"445279";"4480662";"40.47484735634347";"-3.645543866498554";"915 887 607";"";"cultuhortaleza@madrid.es";"/contenido/entidadesYorganismos/CentrosCulturales"; 
6017747;"Centro Cultural José Luis López Vázquez (San Blas - Canillejas)";"";"De lunes a viernes, de 9 a 14 y de 15 a 18 horas.  Julio y agosto cerrado.Fuera de este horario el centro permanecerá abierto durante la celebración de las actividades que se programen.";"Sala de exposicionesSala de lectura y estudio Salón de actos / auditorio (aforo: 194 personas)1 sala de ensayo14 aulasZona wifi";"Bus: 77";"";"1";"http://www.madrid.es/sites/v/index.jsp?vgnextchannel=bfa48ab43d6bb410VgnVCM100000171f5a0aRCRD&vgnextoid=b790e37de110f210VgnVCM1000000b205a0aRCRD";"FEBRERO";"CALLE";"V";"4";"";"";"";"";"MADRID";"MADRID";"28022";"REJAS";"SAN BLAS-CANILLEJAS";"451431";"4477509";"40.446818592300296";"-3.572741163820915";"913 293 900 / 913 295 211";"";"ccjllopezvazquez@madrid.es";"/contenido/entidadesYorganismos/CentrosCulturales"; 
142944;"Centro Cultural José Luis Sampedro (Latina)";"";"Mañanas, de lunes a viernes, de 9 a 14 horas.Tardes, de lunes a jueves, de 16 a 20 horas y viernes de 16 a 18:30 horas.Cerrado del 1 al 25 agosto.Fuera de este horario el centro permanecerá abierto durante la celebración de las actividades que se programen.";"4 salas de ensayos.Sala de exposiciones.Sala de lectura y estudio.Salón de actos / auditorio.6 aulas.Zona wifi.2 gimnasios.";"Metro: Lucero y Laguna (línea 6).Bus: 55.Cercanías Renfe: Laguna (línea C5).";"En la misma sede está ubicada la Sala de Estudio.";"1";"http://www.madrid.es/sites/v/index.jsp?vgnextchannel=bfa48ab43d6bb410VgnVCM100000171f5a0aRCRD&vgnextoid=bd3fba61e681c010VgnVCM1000000b205a0aRCRD";"CASTROSERNA";"CALLE";"V";"4";"";"";"";"";"MADRID";"MADRID";"28047";"LUCERO";"LATINA";"436432";"4472601";"40.40159394334669";"-3.749110841406562";"915 267 820 / 915 267 821";"";"cclucero@madrid.es";"/contenido/entidadesYorganismos/CentrosCulturales"; 
1913;"Centro Cultural Juan Gris (Moncloa - Aravaca)";"";"Lunes, martes y miércoles, de 10 a 13:30 horas. Martes y miércoles, de 16 a 17:30 horas.Julio: lunes, martes y miércoles, de 10 a 13:30 horas.Septiembre: lunes, martes y miércoles, de 10 a 13:30 horas. Martes y miércoles, de 16 a 16:40 horas.San Isidro: lunes, martes y miércoles, de 10 a 13:30 horas. Martes y miércoles, de 16 a 16:40 horas.Agosto cerrado.Fuera de este horario el centro permanecerá abierto durante la celebración de las actividades que se programen.";"3 aulasZona wifi";"Metro: Francos Rodríguez (línea 7)Bus: 64, 126, 127, 132, 44, 128";"";"0";"http://www.madrid.es/sites/v/index.jsp?vgnextchannel=bfa48ab43d6bb410VgnVCM100000171f5a0aRCRD&vgnextoid=79a81e79ee71c010VgnVCM1000000b205a0aRCRD";"FRANCOS RODRíGUEZ";"CALLE";"V";"100";"";"";"";"";"MADRID";"MADRID";"28039";"VALDEZARZA";"MONCLOA-ARAVACA";"439610";"4478821";"40.457862962907384";"-3.71225373746578";"914 507 865 / 914 507 998";"";"ccjuangris@madrid.es";"/contenido/entidadesYorganismos/CentrosCulturales"; 
1911;"Centro Cultural Julio Cortázar (Moncloa - Aravaca)";"";"Lunes a jueves, de 10 a 13:30 y de 17 a 19; viernes de 10 a 13:30 horas. Agosto cerrado. Fuera de este horario el centro permanecerá abierto durante la celebración de las actividades que se programen.";"Sala de exposiciones.Sala de lectura y estudio.Salón de actos / auditorio (aforo 144 personas).7 aulas.Zona wifi.";"Metro: Valdezarza y Antonio Machado (línea 7).Bus: 127, 132, 126.";"";"1";"http://www.madrid.es/sites/v/index.jsp?vgnextchannel=bfa48ab43d6bb410VgnVCM100000171f5a0aRCRD&vgnextoid=cfc81e79ee71c010VgnVCM1000000b205a0aRCRD";"ANTONIO MACHADO";"CALLE";"V";"20";"";"";"";"";"MADRID";"MADRID";"28035";"VALDEZARZA";"MONCLOA-ARAVACA";"438998";"4479816";"40.46678159096302";"-3.7195669111891703";"913 734 375";"";"ccjcortazar@madrid.es";"/contenido/entidadesYorganismos/CentrosCulturales"; 
1917;"Centro Cultural La Vaguada (Fuencarral - El Pardo)";"";"Secretaría: de lunes a jueves de 9 a 14 y de 16 a 19 horas.Viernes de 9 a 14";"Sala de exposicionesSalón de actos / auditorio7 aulasZona wifi";"Metro: Barrio del Pilar (línea 9).Bus: 49 , 83 , 128 , 132 , 137";"";"1";"http://www.madrid.es/sites/v/index.jsp?vgnextchannel=bfa48ab43d6bb410VgnVCM100000171f5a0aRCRD&vgnextoid=09691e79ee71c010VgnVCM1000000b205a0aRCRD";"MONFORTE DE LEMOS";"AVENIDA";"V";"38";"";"";"";"";"MADRID";"MADRID";"28029";"EL PILAR";"FUENCARRAL-EL PARDO";"439894";"4481167";"40.47900813206291";"-3.709138377702435";"915 886 883";"";"cclavaguada@madrid.es";"/contenido/entidadesYorganismos/CentrosCulturales"; 
4606802;"Centro Cultural Las Californias (Retiro)";"";"De lunes a viernes, de 9 a 14 horas. Agosto cerrado. Fuera de este horario el centro permanecerá abierto durante la celebración de las actividades que se programen.";"Sala de lectura y estudio.Salón de actos / auditorio (aforo 80 personas).4 aulas.zona wifi.Atención básica en lengua de signos.";"Metro: Puente de Vallecas (línea 1) , Mendez Álvaro (línea 6).Bus: 113, 148.Cercanías RENFE: Mendez Álvaro Estación Sur (líneas C1, C5, C7, C10, Regional).";"";"1,4";"http://www.madrid.es/sites/v/index.jsp?vgnextchannel=bfa48ab43d6bb410VgnVCM100000171f5a0aRCRD&vgnextoid=a6c875993dc63110VgnVCM1000000b205a0aRCRD";"LUIS PEIDRO";"CALLE";"V";"2";"";"";"";"";"MADRID";"MADRID";"28007";"ADELFAS";"RETIRO";"442812";"4472042";"40.397020792322316";"-3.673881351837232";"915 016 942 / 915 021 015";"";"cclascalifornias@madrid.es";"/contenido/entidadesYorganismos/CentrosCulturales"; 
1938;"Centro Cultural Lope de Vega (Puente de Vallecas)";"";"Lunes a viernes no festivos, de 9 a 13:45 horas y de 17 a 18:45 horas.Agosto cerrado.Fuera de este horario el centro permanecerá abierto durante la celebración de las actividades que se programen.";"Sala de exposicionesSala de lectura y estudioSalón de actos / auditorio (Aforo: 260 personas)2 salas de ensayo9 AulasZona wifiVending bebidas frías y calientes en área descanso 3&amp;ordf; planta";"Renfe: Asamblea de Madrid-EntrevíasBus: 24, 102, 103, 111, 144";"";"1";"http://www.madrid.es/sites/v/index.jsp?vgnextchannel=bfa48ab43d6bb410VgnVCM100000171f5a0aRCRD&vgnextoid=4a273d0b5e71c010VgnVCM1000000b205a0aRCRD";"CONCEJO DE TEVERGA";"CALLE";"V";"1";"";"";"";"";"MADRID";"MADRID";"28053";"ENTREVIAS";"PUENTE DE VALLECAS";"442974";"4470850";"40.386293684801885";"-3.6718658006661906";"917 570 580";"";"cclopedevega@madrid.es";"/contenido/entidadesYorganismos/CentrosCulturales"; 
1973;"Centro Cultural Los Rosales (Villaverde)";"";"Secretaría: de lunes a jueves de 9:30 a 13:30 y de 17 a 19 y viernes de 9:30 a 13:30 horas.Durante el mes de julio el horario será de 9 a 14 horas.";"Sala de exposicionesSala de lectura y estudioSalón de actos / auditorio9 aulasCafeteríaZona wifi";"Bus: 85";"";"1";"http://www.madrid.es/sites/v/index.jsp?vgnextchannel=bfa48ab43d6bb410VgnVCM100000171f5a0aRCRD&vgnextoid=a5b91e79ee71c010VgnVCM1000000b205a0aRCRD";"LOS ROSALES";"AVENIDA";"V";"133";"";"";"";"";"MADRID";"MADRID";"28021";"BUTARQUE";"VILLAVERDE";"442482";"4466908";"40.35074797433515";"-3.6773064421969233";"917 109 273";"";"cclosrosales@madrid.es";"/contenido/entidadesYorganismos/CentrosCulturales"; 
6469004;"Centro Cultural Mercado de Ibiza (Retiro)";"";"De lunes a viernes, de 9 a 14 horas. Agosto cerrado.Fuera de este horario el centro permanecerá abierto durante la celebración de las actividades que se programen.";"2 salas de lectura y estudio6 aulasZona wifi";"Metro: Ibiza (línea 9)Bus: 2, 15, 26, 61, 63, C1, 215, C2, 20, 152";"";"1";"http://www.madrid.es/sites/v/index.jsp?vgnextchannel=bfa48ab43d6bb410VgnVCM100000171f5a0aRCRD&vgnextoid=dbeab973f50e7310VgnVCM1000000b205a0aRCRD";"IBIZA";"CALLE";"V";"8";"1ª";"";"";"";"MADRID";"MADRID";"28009";"IBIZA";"RETIRO";"442533";"4474392";"40.41817157699025";"-3.677392762224429";"915 572 601 / 915 571 885 / 914 009 788";"";"ccibiza@madrid.es";"/contenido/entidadesYorganismos/CentrosCulturales"; 
1933;"Centro Cultural Meseta de Orcasitas (Usera)";"";"De lunes a viernes, 9:30 a 13:30 y de 17 a 20 horas.Agosto cerrado.Fuera de este horario el centro permanecerá abierto durante la celebración de las actividades que se programen.";"1 Sala de exposiciones1 Salón de actos / auditorio (aforo 280 personas) Aulas Zona wifiAula de baile, aula de cocina y 2 gimnasios";"Bus: 78, 81, 116Renfe: Orcasitas (C5)";"";"1";"http://www.madrid.es/sites/v/index.jsp?vgnextchannel=bfa48ab43d6bb410VgnVCM100000171f5a0aRCRD&vgnextoid=fbd91e79ee71c010VgnVCM1000000b205a0aRCRD";"ASOCIACION";"PLAZA";"V";"1";"";"";"";"";"MADRID";"MADRID";"28041";"ORCASITAS";"USERA";"439879";"4469031";"40.36968950845358";"-3.7081679144829076";"913 415 677 / 913 415 326";"";"";"/contenido/entidadesYorganismos/CentrosCulturales"; 
1955;"Centro Cultural Miguel Hernández (Latina)";"";"Lunes a viernes, de 9 a 14:00 y de 16 a 18 horas.Cerrado del 1 al 25 de agosto (ambos inclusive). Resto de 9 a 14:00 horas.Fuera de este horario el centro permanecerá abierto durante la celebración de las actividades que se programen.";"Sala de exposiciones.Sala de lectura y estudio.Salón de actos / auditorio (aforo: 154).7 aulas.Zona wifi.";"Bus: 34, 117, 139, 39.Cercanías Renfe: Las Aguilas (C5).";"En la misma sede esta ubicada la Sala de Estudios Miguel Hernández.";"1";"http://www.madrid.es/sites/v/index.jsp?vgnextchannel=bfa48ab43d6bb410VgnVCM100000171f5a0aRCRD&vgnextoid=420a1e79ee71c010VgnVCM1000000b205a0aRCRD";"SERRADILLA";"CALLE";"V";"13";"";"";"";"";"MADRID";"MADRID";"28044";"LAS AGUILAS";"LATINA";"433622";"4470101";"40.378853797128336";"-3.7819616113032115";"917 066 300 / 917 108 523";"";"ccmiguelh@madrid.es";"/contenido/entidadesYorganismos/CentrosCulturales"; 
1972;"Centro Cultural Moncloa (Moncloa - Aravaca)";"";"De lunes a viernes, de 9 a 14 horas.  Fuera de este horario el centro permanecerá abierto durante la celebración de las actividades que se programen.";"1 sala de exposiciones.Salón de actos / auditorio (aforo 250 personas).";"Metro: Moncloa (líneas 3, 6).Bus: A. 161, 160 ,162, 62, 133, 83, 1, 132, 138, 44, 82, C2, C1.BICIMAD: Estación 110 (paseo Moret, 2).Estación 111 a y b (calle Arcipreste de Hita, 12).";"";"2";"http://www.madrid.es/sites/v/index.jsp?vgnextchannel=bfa48ab43d6bb410VgnVCM100000171f5a0aRCRD&vgnextoid=982a1e79ee71c010VgnVCM1000000b205a0aRCRD";"MONCLOA";"PLAZA";"V";"1";"";"";"";"";"MADRID";"MADRID";"28008";"ARGUELLES";"MONCLOA-ARAVACA";"439028";"4476311";"40.435209393826675";"-3.7188765163188293";"914 800 586 / 915 886 978 / 915 886 952";"";"ccmoncloa@madrid.es";"/contenido/entidadesYorganismos/CentrosCulturales"; 
1932;"Centro Cultural Nicolás Salmerón (Chamartín)";"";"De lunes a viernes, de 9 a 14 y de 16 a 18:30 horas. Julio, de lunes a viernes, de 9 a 14 horas.Agosto cerrado.Fuera de este horario el centro permanecerá abierto durante la celebración de las actividades que se programen.";"1 Sala de exposiciones1 Salón de actos / auditorio (aforo 234 personas) 1 sala de ensayo 18 aulasCafeteríaZona wifi (parcial)";"Metro: Concha Espina (línea 9), Prosperidad (línea 4), Cruz del Rayo (línea 9)Bus: 16, 29, 52, 19BICIMAD: Estación 147 (Avenida Doctor Arce, 45)";"";"1";"http://www.madrid.es/sites/v/index.jsp?vgnextchannel=bfa48ab43d6bb410VgnVCM100000171f5a0aRCRD&vgnextoid=ee4a1e79ee71c010VgnVCM1000000b205a0aRCRD";"MANTUANO";"CALLE";"V";"51";"";"";"";"";"MADRID";"MADRID";"28002";"CIUDAD JARDIN";"CHAMARTIN";"442656";"4477714";"40.44810636195716";"-3.6762309620097398";"915 103 751";"";"ccnsalmeron@madrid.es";"/contenido/entidadesYorganismos/CentrosCulturales"; 
1934;"Centro Cultural Orcasur (Usera)";"";"De lunes a viernes, de 10 a 13:30 y de 17 a 19:30 horas.  Agosto cerrado.San Isidro: de lunes a viernes, de 10 a 13:30 y de 17 a 19:30 horas.Fuera de este horario el centro permanecerá abierto durante la celebración de las actividades que se programen.";"1 salón de actos / auditorio. Aforo 255 personas2 salas de ensayo (solo música)5 aulasZona wifi3 gimnasios Zona acristalada en el patio central del centro.";"Bus: 78, 116Renfe: Orcasitas (C5)";"";"1";"http://www.madrid.es/sites/v/index.jsp?vgnextchannel=bfa48ab43d6bb410VgnVCM100000171f5a0aRCRD&vgnextoid=8b9a1e79ee71c010VgnVCM1000000b205a0aRCRD";"PUEBLO";"PLAZA";"V";"2";"";"";"";"";"MADRID";"MADRID";"28041";"ORCASUR";"USERA";"440472";"4468702";"40.366768324753416";"-3.701141063083806";"913 188 090 / 913 188 091";"";"ccorcasur@madrid.es";"/contenido/entidadesYorganismos/CentrosCulturales"; 
1939;"Centro Cultural Pozo del tío Raimundo (Puente de Vallecas)";"";"Lunes a viernes, de 9 a 13:45 y de 17 a 18:45 horas.Agosto cerrado.Fuera de este horario el centro permanecerá abierto durante la celebración de las actividades que se programen.";"2 salas de exposicionesSala de lectura y estudioSalón de actos / auditorio (Aforo teatro: 363 personas / Aforo auditorio aire libre: 900) 3 salas de ensayo10 aulasCafetería (en el Centro de Mayores)Zona wifi (excepto en el Teatro)";"Renfe: El PozoBus: 24, 102, 103, 310";"";"1";"http://www.madrid.es/sites/v/index.jsp?vgnextchannel=bfa48ab43d6bb410VgnVCM100000171f5a0aRCRD&vgnextoid=add63d0b5e71c010VgnVCM1000000b205a0aRCRD";"DE LAS GLORIETAS";"AVENIDA";"V";"19";"";"";"";"19-21";"MADRID";"MADRID";"28053";"ENTREVIAS";"PUENTE DE VALLECAS";"443950";"4469433";"40.3735856436473";"-3.6602546064905397";"917 866 372 / 917 866 644";"";"ccptioraimundo@madrid.es";"/contenido/entidadesYorganismos/CentrosCulturales"; 
1952;"Centro Cultural Príncipe de Asturias (Ciudad Lineal)";"";"De lunes a jueves, de 9:30 a 14 y de 15 a 18 horas. Viernes, de 9 a 14:30 horas. Julio y agosto, de lunes a viernes, de 9 a 14 horas.Fuera de este horario el centro permanecerá abierto durante la celebración de las actividades que se programen.";"Sala de exposicionesSalón de actos / auditorio (aforo 246 personas)3 aulas";"Metro: Ciudad Lineal (línea 5)Bus: 38, 48, 70, 105, 4";"";"1";"http://www.madrid.es/sites/v/index.jsp?vgnextchannel=bfa48ab43d6bb410VgnVCM100000171f5a0aRCRD&vgnextoid=d1ca1e79ee71c010VgnVCM1000000b205a0aRCRD";"INSTITUCION LIBRE DE ENSE&amp;Ntilde;ANZA";"AVENIDA";"V";"14";"";"";"";"";"MADRID";"MADRID";"28037";"PUEBLO NUEVO";"CIUDAD LINEAL";"445948";"4476395";"40.436444648624814";"-3.6373000672722675";"915 887 564";"";"ccprincipeasturias@madrid.es";"/contenido/entidadesYorganismos/CentrosCulturales"; 
1920;"Centro Cultural Puerta de Toledo (Centro)";"";"De lunes a viernes, de 10 a 14 y de 16 a 18 horas.Agosto cerrado.Fuera de este horario el centro permanecerá abierto durante la celebración de las actividades que se programen.";"Salón de actos / auditorio (aforo 180 personas)5 aulasZona wifi";"Metro: Puerta de Toledo (línea 5).Bus: 3, 60, 148, 17, 18, 23, 35, C1, C2, 41BICIMAD: Estación 45 (Glorieta Puerta de Toledo, 1)";"";"2";"http://www.madrid.es/sites/v/index.jsp?vgnextchannel=bfa48ab43d6bb410VgnVCM100000171f5a0aRCRD&vgnextoid=28ea1e79ee71c010VgnVCM1000000b205a0aRCRD";"GRAN VIA DE SAN FRANCISCO";"AVENIDA";"V";"2";"";"";"";"";"MADRID";"MADRID";"28005";"PALACIO";"CENTRO";"439593";"4473220";"40.40740551053055";"-3.7119218940274026";"913 662 728";"";"ccptoledo@madrid.es";"/contenido/entidadesYorganismos/CentrosCulturales"; 
114978;"Centro Cultural Rafael Altamira, antes Palacete Quinta del Berro (Salamanca)";"";"De lunes a jueves, de 9 a 14 y de 16 a 18 horas. Viernes, de 9 a 14 horas.Julio, de lunes a viernes, de 9 a 14 horas. Agosto cerrado.Fuera de este horario el centro permanecerá abierto durante la celebración de las actividades que se programen.";"Sala de exposicionesSala de lectura y estudioSalón de actos / auditorio (aforo 65 personas)3 aulasZona wifi";"Bus: 15 , 28 , 71";"";"1";"http://www.madrid.es/sites/v/index.jsp?vgnextchannel=bfa48ab43d6bb410VgnVCM100000171f5a0aRCRD&vgnextoid=bcc7cbf06c81c010VgnVCM1000000b205a0aRCRD";"ENRIQUE D'ALMONTE";"CALLE";"V";"1";"";"";"";"";"MADRID";"MADRID";"28028";"FUENTE DEL BERRO";"SALAMANCA";"443760";"4474815";"40.42206601994432";"-3.662968075865235";"915 570 807 / 915 570 808";"";"quintaberro@madrid.es";"/contenido/entidadesYorganismos/CentrosCulturales"; 
4703422;"Centro Cultural San Francisco La Prensa (Carabanchel)";"";"De lunes a viernes, mañanas, de 10 a 13 horas. De lunes a jueves, tardes, de 16:30 a 18 horas.Julio, de lunes a viernes, de 10 a 13 horas. Agosto cerrado Fuera de este horario el centro permanecerá abierto durante la celebración de las actividades que se programen.";"Sala de exposicionesSalón de actos / auditorio (aforo 216 personas)7 aulas Zona wifi";"Metro: San Francisco (línea 11)Bus: 108";"";"1";"http://www.madrid.es/sites/v/index.jsp?vgnextchannel=bfa48ab43d6bb410VgnVCM100000171f5a0aRCRD&vgnextoid=5787e842ec9a6110VgnVCM1000000b205a0aRCRD";"ALISEDA";"CALLE";"V";"4";"";"";"";"";"MADRID";"MADRID";"28025";"PUERTA BONITA";"CARABANCHEL";"437044";"4469856";"40.37690319217392";"-3.741639735552097";"914 284 911";"";"ccprensa@madrid.es";"/contenido/entidadesYorganismos/CentrosCulturales"; 
1958;"Centro Cultural San Juan Bautista (Ciudad Lineal)";"";"De lunes a viernes, de 10 a 14 y de 15 a 18 horas.Veranos, de lunes a viernes, de 10 a 14 horas.Fuera de este horario el centro permanecerá abierto durante la celebración de las actividades que se programen.";"Sala de exposicionesSalón de actos / auditorio (aforo 276)8 aulasZona wifi Sala de lectura y estudio: Durante el mes de julio, de 10 a 14 horas.";"Metro: Avenida de la Paz (línea 4)Bus: 53";"";"1";"http://www.madrid.es/sites/v/index.jsp?vgnextchannel=bfa48ab43d6bb410VgnVCM100000171f5a0aRCRD&vgnextoid=618b1e79ee71c010VgnVCM1000000b205a0aRCRD";"SAN NEMESIO";"CALLE";"V";"4";"";"";"";"";"MADRID";"MADRID";"28043";"SAN JUAN BAUTISTA";"CIUDAD LINEAL";"444202";"4478162";"40.45224737965276";"-3.6580402287911937";"914 157 705";"";"ccsanjuanbautista@madrid.es";"/contenido/entidadesYorganismos/SalasEstudioLectura"; 
6018014;"Centro Cultural Sanchinarro (Hortaleza)";"";"De lunes a viernes, de 10 a 14 y de 16 a 19 horas. Agosto cerrado.Fuera de este horario el centro permanecerá abierto durante la celebración de las actividades que se programen.";"Sala de exposiciones2 salas de lectura y estudioSalón de actos / auditorio (Aforo 404 personas)17 aulasZona wifi";"Bus: 172, 173, 174";"";"1";"http://www.madrid.es/sites/v/index.jsp?vgnextchannel=bfa48ab43d6bb410VgnVCM100000171f5a0aRCRD&vgnextoid=12eb70618510f210VgnVCM1000000b205a0aRCRD";"PRINCESA DE EBOLI";"CALLE";"V";"29";"";"";"";"C/V Conde de Mayalde";"MADRID";"MADRID";"28050";"VALDEFUENTES";"HORTALEZA";"444469";"4482391";"40.49035310157377";"-3.655261744717257";"915 000 603";"";"info@centroculturalsanchinarro.com";"/contenido/entidadesYorganismos/CentrosCulturales"; 
115404;"Centro Cultural Sara Montiel (Latina)";"";"Lunes a viernes, de 9 a 14 horas y de 16:30 a 19 horas.Cerrado agosto, excepto última semana con horario 9 a 14 y 16:30 a 18 horas.Fuera de este horario el centro permanecerá abierto durante la celebración de las actividades que se programen.";"Sala de exposiciones.Sala de lectura y estudio.Salón de actos / auditorio (aforo: 170).8 aulas.Zona wifi.";"Metro: Colonia Jardín (líneas 10, ML2, ML3).Bus: 65, H.";"En la misma sede está ubicada la sala de estudio Sara Montiel.";"1";"http://www.madrid.es/sites/v/index.jsp?vgnextchannel=bfa48ab43d6bb410VgnVCM100000171f5a0aRCRD&vgnextoid=c957cbf06c81c010VgnVCM1000000b205a0aRCRD";"BOADILLA DEL MONTE";"CARRETERA";"V";"40";"";"";"";"";"MADRID";"MADRID";"28024";"CAMPAMENTO";"LATINA";"434222";"4472418";"40.399764677637116";"-3.775144917950534";"915 120 890";"";"ccsaramontiel@madrid.es";"/contenido/entidadesYorganismos/CentrosCulturales"; 
1994;"Centro Cultural Usera 1";"";"De lunes a viernes, de 9 a 13 y de 17 a 20 horas. Agosto cerrado.Fuera de este horario el centro permanecerá abierto durante la celebración de las actividades que se programen.";"4 aulas  1 sala de ensayo  1 gimnasio Zona wifi";"Metro: Plaza Elíptica (línea 6)Bus: 6, 60, 81";"";"1";"http://www.madrid.es/sites/v/index.jsp?vgnextchannel=bfa48ab43d6bb410VgnVCM100000171f5a0aRCRD&vgnextoid=54fb1e79ee71c010VgnVCM1000000b205a0aRCRD";"RAFAELA YBARRA";"AVENIDA";"V";"49";"";"";"";"";"MADRID";"MADRID";"28026";"PRADOLONGO";"USERA";"439651";"4470300";"40.381095838993176";"-3.710973351109332";"915 887 214";"";"ccusera@madrid.es";"/contenido/entidadesYorganismos/CentrosCulturales"; 
7416137;"Centro Cultural Usera 2";"";"Atención al público en el Centro Cultural Usera 1. De lunes a viernes, de 9 a 13 y de 17 a 20 horas.Julio, agosto y septiembre, cerrado.Fuera de este horario el centro permanecerá abierto durante la celebración de las actividades que se programen.";"3 aulasSalas de ensayo";"Metro: Usera (línea 6)Bus: 47, 247, 6";"";"2";"http://www.madrid.es/sites/v/index.jsp?vgnextchannel=bfa48ab43d6bb410VgnVCM100000171f5a0aRCRD&vgnextoid=3cadb2cffdc15410VgnVCM1000000b205a0aRCRD";"FELIPE CASTRO";"CALLE";"V";"30";"";"";"";"";"MADRID";"MADRID";"28026";"PRADOLONGO";"USERA";"439814";"4470654";"40.38429664257218";"-3.7090866533057723";"915 887 214 / 914 764 204";"";"ccusera@madrid.es";"/contenido/entidadesYorganismos/CentrosCulturales"; 
123948;"Centro Cultural Valdebernardo (Vicálvaro)";"";"De lunes a viernes de 9 a 14 horas.Cerrado agosto.Fuera de este horario el centro permanecerá abierto durante la celebración de las actividades que se programen.";"Sala de exposiciones2 salas de lectura y estudio (solo fines de semana)Salón de actos / Auditorio (Aforo: 280 personas)4 salas de ensayo14 aulasZona wifi";"Metro: Valdebernardo (línea 9)Bus: 8, 71, 130";"";"1";"http://www.madrid.es/sites/v/index.jsp?vgnextchannel=bfa48ab43d6bb410VgnVCM100000171f5a0aRCRD&vgnextoid=69188899fc81c010VgnVCM1000000b205a0aRCRD";"INDALECIO PRIETO";"BULEVAR";"V";"21";"";"";"";"";"MADRID";"MADRID";"28032";"CASCO H.VICALVARO";"VICALVARO";"447278";"4472321";"40.39982891410407";"-3.621281890570377";"913 016 460 / 913 016 462";"";"ccvaldebernardo@madrid.es";"/contenido/entidadesYorganismos/CentrosCulturales"; 
1980;"Centro Cultural Zazuar (Villa de Vallecas)";"";"De lunes a viernes, de 9 a 19:30 horas.Julio y agosto, de lunes a viernes, de 9 a 14 horas.Fuera de este horario el centro permanecerá abierto durante la celebración de las actividades que se programen.";"Salón de actos / auditorio (aforo 196 personas)6 aulasZona wifi";"Bus: 58, 63, 145";"";"2";"http://www.madrid.es/sites/v/index.jsp?vgnextchannel=bfa48ab43d6bb410VgnVCM100000171f5a0aRCRD&vgnextoid=9d8c1e79ee71c010VgnVCM1000000b205a0aRCRD";"ZAZUAR";"CALLE";"V";"4";"";"";"";"";"MADRID";"MADRID";"28031";"SANTA EUGENIA";"VILLA DE VALLECAS";"448550";"4470424";"40.38281899948726";"-3.606140062044455";"913 322 529";"";"cczazuar@madrid.es";"/contenido/entidadesYorganismos/CentrosCulturales"; 
1953;"Centro Cultural el Madroño (Vicálvaro)";"";"De lunes a viernes de 9 a 14.Fuera de este horario el centro permanecerá abierto durante la celebración de las actividades que se programen.";"Sala de lectura y estudioSalón de actos / Auditorio (Aforo: 250 personas)7 AulasZona wifi";"Metro: Vicálvaro (línea 9)Bus: 4, 100, 106, 130, E3";"";"1";"http://www.madrid.es/sites/v/index.jsp?vgnextchannel=bfa48ab43d6bb410VgnVCM100000171f5a0aRCRD&vgnextoid=57b63d0b5e71c010VgnVCM1000000b205a0aRCRD";"VILLARDONDIEGO";"CALLE";"V";"36";"";"";"";"";"MADRID";"MADRID";"28032";"CASCO H.VICALVARO";"VICALVARO";"448357";"4472920";"40.405292721436055";"-3.6086161200017157";"917 753 140";"";"ccelmadrono@madrid.es";"/contenido/entidadesYorganismos/CentrosCulturales"; 
1940;"Centro Cultural el Torito (Moratalaz)";"";"De octubre a junio, lunes a viernes de 9 a 13:30 y de 17 a 18:30 horas.Julio, lunes a viernes de 9 a 13:30 horas.Septiembre, lunes a viernes de 9 a 13:30 y de 17 a 18:30 horas.Cerrado 16 a 31 julio y todo agosto.Fuera de este horario el centro permanecerá abierto durante la celebración de las actividades que se programen.";"Sala de exposicionesSala de lectura y estudioSalón de actos / auditorio (aforo 200 personas)3 Salas de ensayo7 aulasZona wifi";"Metro: Artilleros (línea 9)Bus: 32, 71";"";"1";"http://www.madrid.es/sites/v/index.jsp?vgnextchannel=bfa48ab43d6bb410VgnVCM100000171f5a0aRCRD&vgnextoid=f3073d0b5e71c010VgnVCM1000000b205a0aRCRD";"MORATALAZ";"AVENIDA";"V";"130";"";"";"";"";"MADRID";"MADRID";"28030";"VINATEROS";"MORATALAZ";"445141";"4473033";"40.40609591857167";"-3.646536107063507";"913 287 385";"";"cceltorito@madrid.es";"/contenido/entidadesYorganismos/CentrosCulturales"; 
1951;"Centro Cultural la Elipa (Ciudad Lineal)";"";"De lunes a viernes, 10 a 14 y de 15 a 18 horas.  Agosto cerrado.  Fuera de este horario el centro permanecerá abierto durante la celebración de las actividades que se programen.";"Sala de exposicionesSalón de actos / auditorio (aforo 250 personas)8 aulasCafetería";"Metro: La Elipa (línea 2).Bus: 110, 113, 210, 15, 28";"";"2";"http://www.madrid.es/sites/v/index.jsp?vgnextchannel=bfa48ab43d6bb410VgnVCM100000171f5a0aRCRD&vgnextoid=6c191e79ee71c010VgnVCM1000000b205a0aRCRD";"SANTA FELICIDAD";"CALLE";"V";"39";"";"";"";"";"MADRID";"MADRID";"28017";"VENTAS";"CIUDAD LINEAL";"444825";"4475074";"40.42447060804354";"-3.6504253324201104";"914 055 312";"";"ccelipa@madrid.es";"/contenido/entidadesYorganismos/CentrosCulturales"; 
112637;"Centro Integrado Santiago Apóstol (Hortaleza)";"";"De lunes a viernes, de 9 a 14 horas y de 16 a 21 horas.Agosto cerradoFuera de este horario el centro permanecerá abierto durante la celebración de las actividades que se programen.";"14 aulas2 pistas deportivas";"Metro: Manoteras (línea 4).Bus: 7, 29, 129.";"";"1";"http://www.madrid.es/sites/v/index.jsp?vgnextchannel=bfa48ab43d6bb410VgnVCM100000171f5a0aRCRD&vgnextoid=38f415a11a81c010VgnVCM1000000b205a0aRCRD";"CARRION DE LOS CONDES";"CALLE";"V";"73";"";"";"";"";"MADRID";"MADRID";"28033";"APOSTOL SANTIAGO";"HORTALEZA";"444216";"4480809";"40.4760846979538";"-3.6581195337045274";"913 835 941";"";"";"/contenido/entidadesYorganismos/CentrosCulturales"; 
4703662;"Centro Juvenil Carabanchel Alto";"Mira la programación mensual de cada uno de los centros juveniles, encontrarás talleres, teatro, actividades, cesiones de espacios para tu música o tus ensayos, exposiciones; además Wifi gratuito, oficinas de información juvenil y un montón de cosas interesantes.Información sobre las actividades:Correo:  actividadescarabanchel@gmail.com  Teléfono: 915118980";"Horario de apertura del centro: de lunes a viernes de 9 a 14 horas y de 16 a 21 horas. Los sábados de 11 a 21 horas. Agosto cerrado";"Salas de ensayo3 aulasSala polivalente";"Metro: La Peseta (línea 11)Bus: 35 y 47";"";"1";"http://www.madrid.es/sites/v/index.jsp?vgnextchannel=bfa48ab43d6bb410VgnVCM100000171f5a0aRCRD&vgnextoid=2565d2d6fe9a6110VgnVCM1000000b205a0aRCRD";"ALFONSO FERNANDEZ";"CALLE";"V";"23";"";"";"";"";"MADRID";"MADRID";"28044";"BUENAVISTA";"CARABANCHEL";"435861";"4468746";"40.366822704148795";"-3.755451103709316";"915 118 980";"";"cj5carabanchel@madrid.es";"/contenido/entidadesYorganismos/OficinasInformacionJuvenil"; 
146682;"Centro Juvenil El Aleph (Villa de Vallecas)";"Mira la programación mensual de cada uno de los centros juveniles, encontrarás talleres, teatro, actividades, cesiones de espacios para tu música o tus ensayos, exposiciones; además Wifi gratuito, oficinas de información juvenil y un montón de cosas interesantes. Información sobre las actividades:  Correo:  actividadeselaleph@gmail.com   Teléfono: 913 312 725";"Horario de apertura del centro: de lunes a domingo de 8:30 a 21:30 horas.   Agosto cerrado.";"Recursos permanentes Sala polivalentePuntos de acceso a InternetWifi gratuito";"Bus: 58 , 63 , 145Renfe: Santa Eugenia";"";"1";"http://www.madrid.es/sites/v/index.jsp?vgnextchannel=bfa48ab43d6bb410VgnVCM100000171f5a0aRCRD&vgnextoid=84869475d381c010VgnVCM1000000b205a0aRCRD";"ZAZUAR";"CALLE";"V";"1";"";"";"";"C/V. Avda. Mediterráneo";"MADRID";"MADRID";"28031";"SANTA EUGENIA";"VILLA DE VALLECAS";"448609";"4470397";"40.38257934400676";"-3.6054546139177392";"913 013 457";"";"cj7aleph@madrid.es";"/contenido/entidadesYorganismos/OficinasInformacionJuvenil"; 
190703;"Centro Juvenil El Pardo";"Mira la programación mensual de cada uno de los centros juveniles, encontrarás talleres, teatro, actividades, cesiones de espacios para tu música o tus ensayos, exposiciones; además Wifi gratuito, oficinas de información juvenil y un montón de cosas interesantes. Información sobre las actividades  Correo:  actividadeselpardo@gmail.com   Teléfono: 913 760 652";"Apertura del centro los martes a sábado de 13 a 21 horas.";"Recursos permanentes Salas polivalentesPuntos de acceso a InternetWifi gratuitoOficina de Información Juvenil";"Autobús: desde el intercambiador de Moncloa el 601 (isla 3-dársena 30) y el 602 que sale del hospital Universitario la Paz.";"";"1";"http://www.madrid.es/sites/v/index.jsp?vgnextchannel=bfa48ab43d6bb410VgnVCM100000171f5a0aRCRD&vgnextoid=617ef50ad2a30110VgnVCM1000000b205a0aRCRD";"PADRE CIPRIANO";"AVENIDA";"V";"11";"";"";"";"";"MADRID";"MADRID";"28048";"EL PARDO";"FUENCARRAL-EL PARDO";"434051";"4485727";"40.51964199418355";"-3.778542672958104";"913 760 652";"";"cj3elpardo@madrid.es";"/contenido/entidadesYorganismos/OficinasInformacionJuvenil"; 
182139;"Centro Juvenil El Sitio de mi Recreo (Villa de Vallecas)";"Mira la programación mensual de cada uno de los centros juveniles, encontrarás talleres, teatro, actividades, cesiones de espacios para tu música o tus ensayos, exposiciones; además Wifi gratuito, oficinas de información juvenil y un montón de cosas interesantes. Información sobre las actividades:  Correo:  actividadeselrecreo@gmail.com   Teléfono: 913 05 24 48";"Horario de apertura del centro: de lunes a domingo de 8:30 a 21:30 horas.";"Recursos permanentes Sala polivalenteSala de lecturaSala exposiciones Teatro/Auditorio 3 locales de ensayo Puntos de acceso a InternetWifi gratuitoOficina de Información Juvenil";"Metro: Villa de Vallecas (línea 1)  Bus: 54, 58, 103, 142, 143, N9 Renfe: Vallecas";"";"1";"http://www.madrid.es/sites/v/index.jsp?vgnextchannel=bfa48ab43d6bb410VgnVCM100000171f5a0aRCRD&vgnextoid=9bd738d60b41c010VgnVCM2000000c205a0aRCRD";"REAL DE ARGANDA";"CALLE";"V";"39";"";"";"";"";"MADRID";"MADRID";"28031";"SANTA EUGENIA";"VILLA DE VALLECAS";"447634";"4470066";"40.37953682427198";"-3.616901585603186";"913 052 448";"";"cj6srecreo@madrid.es";"/contenido/entidadesYorganismos/OficinasInformacionJuvenil"; 
5396226;"Centro Juvenil Hontalbilla (Fuencarral - El Pardo)";"Mira la programación mensual de cada uno de los centros juveniles, encontrarás talleres, teatro, actividades, cesiones de espacios para tu música o tus ensayos, exposiciones; además Wifi gratuito, oficinas de información juvenil y un montón de cosas interesantes. Información sobre las actividades  Correo:  actividadeshontalbilla@gmail.com   Teléfono: 917 342 878 y 917 364 378";"Horario de apertura del centro:  Mañanas: de lunes a sábados, de: 10 a 14 horasTardes:de lunes a sábados, de 16 a  20:30 horasAgosto centro juvenil cerrado.";"Asesoría de salud joven Asesoramiento gratuito dirigido a jóvenes sobre sexualidad, abuso de sustancias, alimentación y hábitos saludables, adorno corporal o cualquier otra pregunta sobre salud. Recursos permanentes Salas polivalentesPuntos de acceso a InternetWifi gratuitoOficina de Información Juvenil";"Metro: Fuencarral (línea 10)Bus: 66, 124 y 137, 154, N24Renfe: Madrid-Ramón y Cajal";"";"0";"http://www.madrid.es/sites/v/index.jsp?vgnextchannel=bfa48ab43d6bb410VgnVCM100000171f5a0aRCRD&vgnextoid=afc93331c9ee2210VgnVCM2000000c205a0aRCRD";"HONTALBILLA";"CALLE";"V";"10";"";"";"";"";"MADRID";"MADRID";"28034";"VALVERDE";"FUENCARRAL-EL PARDO";"441474";"4482632";"40.49231828430878";"-3.6906342081203283";"917 364 378";"";"cj4hontalbilla@madrid.es";"/contenido/entidadesYorganismos/OficinasInformacionJuvenil"; 
4923522;"Centro Juvenil Tetuán Punto Joven";"Mira la programación mensual de cada uno de los centros juveniles, encontrarás talleres, teatro, actividades, cesiones de espacios para tu música o tus ensayos, exposiciones; además Wifi gratuito, oficinas de información juvenil y un montón de cosas interesantes. Información sobre las actividades  Correo:  tetuanpuntojoven@gmail.com   Teléfono: 915 347 744";"Los lunes de 12:30 a 21 horas.De martes a viernes de 10 a 21 horas, los sábados de 12 a 20 horas.Domingos y festivos: cerrado.Agosto: cerrado.";"Sala PolivalentePunto de acceso a Internet.Wifi gratuitoOficina de Información Juvenil";"Metro: Cuatro Caminos (líneas 1, 2 y 6) y Nuevos Ministerios (líneas 6, 8 y 10)Bus: 5, 45, 66, 127, 128, 14 , C1, C2Cercanías: Nuevos Ministerios";"";"0";"http://www.madrid.es/sites/v/index.jsp?vgnextchannel=bfa48ab43d6bb410VgnVCM100000171f5a0aRCRD&vgnextoid=2f9e41aee5a2a110VgnVCM1000000b205a0aRCRD";"DULCINEA";"CALLE";"V";"4";"";"";"";"Acceso por Raimundo Fdez. Villaverde, 35";"MADRID";"MADRID";"28020";"CUATRO CAMINOS";"TETUAN";"440651";"4477630";"40.447199849232135";"-3.6998771920981004";"915 347 744";"";"cj1tetuan@madrid.es";"/contenido/entidadesYorganismos/OficinasInformacionJuvenil"; 
1965;"Centro Juvenil de Usera";"";"De lunes a viernes, de 10 a 14 y de 17 a 19 horas.Agosto cerrado.Fuera de este horario el centro permanecerá abierto durante la celebración de las actividades que se programen.";"1 sala de lectura y estudio3 aulasZona wifi";"Metro: Usera (línea 6)Bus: 55, 60";"";"1";"http://www.madrid.es/sites/v/index.jsp?vgnextchannel=bfa48ab43d6bb410VgnVCM100000171f5a0aRCRD&vgnextoid=876e1e79ee71c010VgnVCM1000000b205a0aRCRD";"CUESTA";"CALLE";"V";"4";"";"";"";"";"MADRID";"MADRID";"28026";"MOSCARDO";"USERA";"439956";"4471270";"40.389856130874605";"-3.7074718790538297";"913 920 541 / 913 920 543";"";"cjusera@madrid.es";"/contenido/entidadesYorganismos/CentrosCulturales"; 
10662565;"Centro Musical Joaquín Turina";"";"Apertura del centro:  L-V  de 9:30 a 14:30 y de 16:30 a 21:30  Secretaría: L-V  de 10:00 a 14:00 y de 16:30 a 20:30 S de 10:00 a 14:00";"";"Metro: Pinar de Chamartín (líneas 1, 4 y línea 1 metro ligero) Bus: 29, 125, 129, 150";"";"1";"http://www.madrid.es/sites/v/index.jsp?vgnextchannel=bfa48ab43d6bb410VgnVCM100000171f5a0aRCRD&vgnextoid=1dbb0c5b78342610VgnVCM2000001f4a900aRCRD";"DALIA";"CALLE";"V";"4";"";"";"";"";"MADRID";"MADRID";"28033";"COSTILLARES";"CIUDAD LINEAL";"443498";"4481190";"40.47948371546377";"-3.6666068980576436";"913 18 59 28";"";"cmturina@grupotalia.org";"/contenido/entidadesYorganismos/AuditoriosSalasConcierto"; 
4568753;"Centro Social Polivalente de Vicálvaro";"";"De lunes a viernes de 9 a 21 horas";"Sede del Consejo Territorial del distritoSede de la Mesa de Infancia y AdolescenciaSede de la Mesa de Diálogo y la ConvivenciaPunto de Agente de IgualdadSede del conjunto de actividades de Participación Ciudadana.Dispone de 3 salas de reuniones, 13 despachos y 1 sala de exposición";"Bus: 100, 130";"";"1";"http://www.madrid.es/sites/v/index.jsp?vgnextchannel=bfa48ab43d6bb410VgnVCM100000171f5a0aRCRD&vgnextoid=59c6ca957d152110VgnVCM1000000b205a0aRCRD";"REAL";"AVENIDA";"V";"12";"";"";"";"";"MADRID";"MADRID";"28032";"CASCO H.VICALVARO";"VICALVARO";"448490";"4472608";"40.40248118658274";"-3.6070352433899013";"917 602 468 (centralita)";"";"";"/contenido/entidadesYorganismos/CentrosCulturales"; 
56495;"Centro Sociocultural  Siena (Ciudad Lineal)";"";"De lunes a jueves, de 9 a 14 y de 16 a 18 horas. Viernes, de 9 a 14 horas. Julio, de lunes a viernes, de 9 a 14 horas. Semana San Isidro: de lunes a viernes, de 9 a 14 horas.Agosto cerrado.Fuera de este horario el centro permanecerá abierto durante la celebración de las actividades que se programen.";"Sala de lectura y estudio3 aulasZona wifi";"Metro: Quintana (línea 5) Bus: 21, 38";"";"0";"http://www.madrid.es/sites/v/index.jsp?vgnextchannel=bfa48ab43d6bb410VgnVCM100000171f5a0aRCRD&vgnextoid=1114c2c6e051c010VgnVCM2000000c205a0aRCRD";"SIENA";"CALLE";"V";"52";"";"";"";"";"MADRID";"MADRID";"28027";"QUINTANA";"CIUDAD LINEAL";"444709";"4476040";"40.43316516575713";"-3.651876723048774";"914 039 011";"";"";"/contenido/entidadesYorganismos/CentrosCulturales"; 
1936;"Centro Sociocultural Alberto Sánchez (Puente de Vallecas)";"";"Lunes a viernes, de 9 a 13:45 y de 17 a 18:45 horas.Agosto cerrado.Fuera de este horario el centro permanecerá abierto durante la celebración de las actividades que se programen.";"Sala de exposiciones2 salones de actos / auditorio (Aforo: 80 y 350 personas)Sala de ensayo9 aulasZona wifi";"Metro: Buenos Aires, Portazgo (línea 1)Bus: 54, 58, 103, 136, 141, 143";"";"1";"http://www.madrid.es/sites/v/index.jsp?vgnextchannel=bfa48ab43d6bb410VgnVCM100000171f5a0aRCRD&vgnextoid=20a43d0b5e71c010VgnVCM1000000b205a0aRCRD";"RISCO DE PELOCHE";"CALLE";"V";"14";"";"";"";"";"MADRID";"MADRID";"28038";"NUMANCIA";"PUENTE DE VALLECAS";"444360";"4471652";"40.393612303425975";"-3.6556073868098493";"917 570 320 / 917 570 321";"";"cscalbertosanchez@madrid.es";"/contenido/entidadesYorganismos/CentrosCulturales"; 
72862;"Centro Sociocultural Alfonso XII (Fuencarral - El Pardo)";"";"Secretaría: de lunes a viernes de 9 a 15 horas";"Sala de exposicionesSala de lectura y estudioSalón de actos / auditorio6 aulasCafeteríaZona wifi";"Bus: 601 (salida desde el Intercambiador de Moncloa).";"En la misma sede está ubicada la sala de estudio Alfonso XII.";"1";"http://www.madrid.es/sites/v/index.jsp?vgnextchannel=bfa48ab43d6bb410VgnVCM100000171f5a0aRCRD&vgnextoid=b7d168540e41c010VgnVCM2000000c205a0aRCRD";"MIRA EL RIO";"CALLE";"V";"4";"";"";"";"";"MADRID";"MADRID";"28048";"EL PARDO";"FUENCARRAL-EL PARDO";"434105";"4485730";"40.519673311658686";"-3.7779055687726535";"913 762 060 / 913 762 062";"";"ccelpardo@madrid.es";"/contenido/entidadesYorganismos/CentrosCulturales"; 
1990;"Centro Sociocultural Almirante Churruca (Latina)";"";"Lunes a viernes de 9 a 14 y de 16:30 a 18:30 horas.Cerrado de 1 a 25 agosto.Fuera de este horario el centro permanecerá abierto durante la celebración de las actividades que se programen.";"Sala de exposiciones (hall y pasillos planta baja).Sala de lectura/estudio.Salón de actos/auditorio (Aforo:100 personas).9 aulas.Zona wifi.Estudio de grabación.Sala de mayores (60 personas aproximadamente).";"Metro: Aviación Española (línea 10).Bus: 17 y 34.Cercanías Renfe: Las Águilas (C5).";"";"1";"http://www.madrid.es/sites/v/index.jsp?vgnextchannel=bfa48ab43d6bb410VgnVCM100000171f5a0aRCRD&vgnextoid=76c43d0b5e71c010VgnVCM1000000b205a0aRCRD";"FUENTE DEL TIRO";"CALLE";"V";"72";"";"";"";"";"MADRID";"MADRID";"28024";"LAS AGUILAS";"LATINA";"433786";"4470559";"40.3829835905706";"-3.7800890564106613";"915 090 581 / 917 053 794";"";"ccchurruca@madrid.es";"/contenido/entidadesYorganismos/CentrosCulturales"; 
1974;"Centro Sociocultural Aula de Aire Libre (Puente de Vallecas)";"";"De lunes a viernes, de 9 a 13:45 y de 17 a 18:45 horas.  Julio, de 9 a 14 horas.  Agosto cerrado. Fuera de este horario el centro permanecerá abierto durante la celebración de las actividades que se programen.";"Préstamo de material de montaña (piolets, crampones, raquetas de nieve, cascos...). Martes y miércoles, de 17 a 19 horas. Servicio gratuito. Más información en teléfonos 917 570 241 /  915 887 325.  Durante el mes de julio el préstamo será de los martes y miércoles de 9 a 13:45 horas. Agosto cerrado. Zona wifi";"Bus: 24, 57, 103, 111, 310";"";"0";"http://www.madrid.es/sites/v/index.jsp?vgnextchannel=bfa48ab43d6bb410VgnVCM100000171f5a0aRCRD&vgnextoid=314e1e79ee71c010VgnVCM1000000b205a0aRCRD";"SIERRA CARBONERA";"CALLE";"V";"74";"";"";"";"";"MADRID";"MADRID";"28053";"SAN DIEGO";"PUENTE DE VALLECAS";"443532";"4471268";"40.39009728291889";"-3.665329063724782";"917 570 189 / 917 570 240";"";"aalibrepvallecas@madrid.es";"/contenido/entidadesYorganismos/CentrosCulturales"; 
1927;"Centro Sociocultural Blasco Ibáñez (Carabanchel)";"";"De lunes a viernes, mañanas, de 10 a 13 horas. De lunes a jueves, tardes, de 16:30 a 18 horas. Julio, de lunes a viernes, de 10 a 13 horas. Agosto cerrado.Fuera de este horario el centro permanecerá abierto durante la celebración de las actividades que se programen.";"6 aulasZona wifi";"Bus: 119";"";"2";"http://www.madrid.es/sites/v/index.jsp?vgnextchannel=bfa48ab43d6bb410VgnVCM100000171f5a0aRCRD&vgnextoid=fb453d0b5e71c010VgnVCM1000000b205a0aRCRD";"SOLDADO JOSE MARIA REY";"CALLE";"V";"44";"";"";"";"";"MADRID";"MADRID";"28019";"SAN ISIDRO";"CARABANCHEL";"437813";"4471853";"40.394959912881816";"-3.732764798621339";"914 280 554 / 914 280 555";"";"ccblascoibanez@madrid.es";"/contenido/entidadesYorganismos/CentrosCulturales"; 
1949;"Centro Sociocultural Bohemios (Villaverde)";"";"Secretaría:  horario de mañana: de lunes a viernes de 9 a 14 horas . Horario de tarde: de lunes a jueves de 17 a 19 horas.Durante el mes de  julio el horario será de 9 a 14 horas.";"Sala de exposicionesSalón de actos / auditorio7 aulasCafeteríaZona wifi";"Bus: 22 , 59 , 79 , 85";"";"1";"http://www.madrid.es/sites/v/index.jsp?vgnextchannel=bfa48ab43d6bb410VgnVCM100000171f5a0aRCRD&vgnextoid=42753d0b5e71c010VgnVCM1000000b205a0aRCRD";"LOS BOHEMIOS";"CALLE";"V";"1";"";"";"";"";"MADRID";"MADRID";"28041";"LOS ANGELES";"VILLAVERDE";"441066";"4467547";"40.35639654251886";"-3.6940501846610894";"917 109 260";"";"ccbohemios@madrid.es";"/contenido/entidadesYorganismos/CentrosCulturales"; 
1967;"Centro Sociocultural Ciudad Lineal";"";"De lunes a viernes, de 9 a 14 y de 15 a 18 horas.  Agosto cerrado. Fuera de este horario el centro permanecerá abierto durante la celebración de las actividades que se programen.";"Sala de lectura y estudio9 aulasZona wifiPatio";"Bus: 110, 113, 210";"";"0";"http://www.madrid.es/sites/v/index.jsp?vgnextchannel=bfa48ab43d6bb410VgnVCM100000171f5a0aRCRD&vgnextoid=16f81e79ee71c010VgnVCM1000000b205a0aRCRD";"POETA BLAS DE OTERO";"CALLE";"V";"81";"";"";"";"";"MADRID";"MADRID";"28017";"VENTAS";"CIUDAD LINEAL";"444717";"4474895";"40.422850906984415";"-3.651682839770605";"914 055 840";"";"";"/contenido/entidadesYorganismos/CentrosCulturales"; 
10344149;"Centro Sociocultural Clara Campoamor (Retiro)";"El Centro Sociocultural Clara Campoamor se encuentra en uno de los edificios de la Junta Municipal del Distrito de Retiro (el edificio más moderno).En este edificio, además del Centro Sociocultural se encuentran las oficinas de Línea Madrid y los despachos de los grupos políticos de la Junta.";"De lunes a viernes, de 9 a 14 horas.Fuera de este horario el centro permanecerá abierto durante la celebración de las actividades que se programen.";"Sala de exposiciones Maruja Mallo (Horario: lunes a viernes, de 9 a 19:30 horas)Sala de estudio y lectura 1 aula  Zona wifi  Se utilizan también otros espacios de las plantas segunda y tercera para diversas actividades culturales y para cesiones temporales a diferentes asociaciones y grupos culturales, además de las reuniones de las mesas de los foros locales.";"Metro: Pacífico (línea 1 y 6)Bus: 24, 37, 54, 57, 141";"";"2";"http://www.madrid.es/sites/v/index.jsp?vgnextchannel=bfa48ab43d6bb410VgnVCM100000171f5a0aRCRD&vgnextoid=0c057ab5c83db510VgnVCM2000001f4a900aRCRD";"DAOIZ Y VELARDE";"PLAZA";"V";"2";"1ª";"";"";"";"MADRID";"MADRID";"28007";"PACIFICO";"RETIRO";"442527";"4472618";"40.402190438836826";"-3.6772826298329093";"915 132 834";"";"";"/contenido/entidadesYorganismos/CentrosCulturales"; 
1912;"Centro Sociocultural Clara del Rey (Centro)";"";"De lunes a jueves, de 9 a 14 horas y de 16 a 18 horas. Viernes de 9 a 14 horas.  Agosto cerrado. Fuera de este horario el centro permanecerá abierto durante la celebración de las actividades que se programen.";"60 aulasZona wifi";"Metro: Noviciado (línea 2).Bus: 147, M2, 3BICIMAD:Estación 11 (calle San Andrés, 18)Estación 59 (calle Espírito Santo, 30(";"";"1";"http://www.madrid.es/sites/v/index.jsp?vgnextchannel=bfa48ab43d6bb410VgnVCM100000171f5a0aRCRD&vgnextoid=1e163d0b5e71c010VgnVCM1000000b205a0aRCRD";"PALMA";"CALLE";"V";"36";"";"";"";"";"MADRID";"MADRID";"28004";"UNIVERSIDAD";"CENTRO";"440202";"4475331";"40.42646635574924";"-3.704943545703863";"915 222 823";"";"ccclararey@madrid.es";"/contenido/entidadesYorganismos/CentrosCulturales"; 
118935;"Centro Sociocultural Cánovas del Castillo (Usera)";"";"De lunes a viernes, de 10 a 14 y de 17 a 19 horas.Agosto cerrado.Fuera de este horario el centro permanecerá abierto durante la celebración de las actividades que se programen.";"1 sala de exposiciones1 sala de lectura y estudio6 aulasZona wifi";"Metro: Almendrales (línea 3)Bus: 47, 247, 6, 78, 18, 22, 59, 76, 79, 85, 86, 23";"";"1";"http://www.madrid.es/sites/v/index.jsp?vgnextchannel=bfa48ab43d6bb410VgnVCM100000171f5a0aRCRD&vgnextoid=1087cbf06c81c010VgnVCM1000000b205a0aRCRD";"JULIO AGUIRRE";"CALLE";"V";"10";"";"";"";"y 12";"MADRID";"MADRID";"28026";"ALMENDRALES";"USERA";"440579";"4470866";"40.38626143332092";"-3.7000825227295007";"915 005 489";"";"canovascastillocs@madrid.es";"/contenido/entidadesYorganismos/CentrosCulturales"; 
1941;"Centro Sociocultural Eduardo Chillida (Moratalaz)";"";"De lunes a viernes, de 9 a 13:30 y de 17 a 18:30 horas.Julio, de lunes a viernes, de 9 a 13:30 horas.Agosto cerrado.Fuera de este horario el centro permanecerá abierto durante la celebración de las actividades que se programen.";"Sala de exposiciones9 aulas Zona wifi  2 gimnasios  2 salas polivalentes";"Metro: Vinateros (línea 9)Bus: 71, 30, 32";"";"2";"http://www.madrid.es/sites/v/index.jsp?vgnextchannel=bfa48ab43d6bb410VgnVCM100000171f5a0aRCRD&vgnextoid=01963d0b5e71c010VgnVCM1000000b205a0aRCRD";"ARROYO BELINCOSO";"CALLE";"V";"9";"";"";"";"";"MADRID";"MADRID";"28030";"MEDIA LEGUA";"MORATALAZ";"444577";"4473403";"40.40939173676513";"-3.653214777359331";"913 339 141 / 913 339 142";"";"ccechillida@madrid.es";"/contenido/entidadesYorganismos/CentrosCulturales"; 
26904;"Centro Sociocultural El Greco (Latina)";"";"Lunes a viernes de 9 a 14 horas y de 16:30 a 19 horas.Cerrado de 1 a 25 agosto.Fuera de este horario el centro permanecerá abierto durante la celebración de las actividades que se programen.";"Sala de exposiciones.Sala de lectura y estudio .Salón de actos / auditorio (Aforo 100 personas).5 aulas.Cafetería.Zona wifi.";"Metro: Lucero (línea 6), Batán (línea 10).Bus: 33, 36, 39, 65.";"";"1";"http://www.madrid.es/sites/v/index.jsp?vgnextchannel=bfa48ab43d6bb410VgnVCM100000171f5a0aRCRD&vgnextoid=cae2b3e42751c010VgnVCM2000000c205a0aRCRD";"EL GRECO";"CALLE";"V";"29";"";"";"";"";"MADRID";"MADRID";"28011";"LUCERO";"LATINA";"436578";"4473235";"40.407316328180464";"-3.747465416906973";"914 793 261 / 914 793 150";"";"ccgreco@madrid.es";"/contenido/entidadesYorganismos/CentrosCulturales"; 
1926;"Centro Sociocultural García Lorca (Carabanchel)";"";"De lunes a viernes, mañanas, de 10 a 13 horas. De lunes a jueves, tardes, de 16:30 a 18 horas. Julio, de lunes a viernes, de 10 a 13 horas.  Agosto cerrado. Fuera de este horario el centro permanecerá abierto durante la celebración de las actividades que se programen.";"Salón de actos / auditorio (aforo 80 personas)6 aulas3 gimnasios1 sala de ensayoZona wifi";"Metro: Carabanchel Alto (línea 11)Bus: 35, 47, 34, 139";"";"1";"http://www.madrid.es/sites/v/index.jsp?vgnextchannel=bfa48ab43d6bb410VgnVCM100000171f5a0aRCRD&vgnextoid=e6773d0b5e71c010VgnVCM1000000b205a0aRCRD";"EUGENIA DE MONTIJO";"CALLE";"V";"105";"";"";"";"";"MADRID";"MADRID";"28044";"BUENAVISTA";"CARABANCHEL";"436243";"4469562";"40.37420290010211";"-3.7510337449848636";"915 110 370 / 915 110 372";"";"ccgarcialorca@madrid.es";"/contenido/entidadesYorganismos/CentrosCulturales"; 
1947;"Centro Sociocultural José de Espronceda (Tetuán)";"";"Mañanas, de lunes a viernes, de 9:30 a 13:30 horas. Tardes, de lunes a jueves, de 16:30 a 18 horas.  Agosto cerrado.  Fuera de este horario el centro permanecerá abierto durante la celebración de las actividades que se programen.";"1 Salón de actos / auditorio (aforo 96 personas)6 aulasZona wifiGimnasio";"Metro: Cuatro Caminos (líneas 1, 2, 6)Bus: 3, 64, 66, 124, 128, 127";"";"2";"http://www.madrid.es/sites/v/index.jsp?vgnextchannel=bfa48ab43d6bb410VgnVCM100000171f5a0aRCRD&vgnextoid=23881e79ee71c010VgnVCM1000000b205a0aRCRD";"ALMANSA";"CALLE";"V";"9";"";"";"";"";"MADRID";"MADRID";"28039";"BELLAS VISTAS";"TETUAN";"440258";"4477792";"40.44863106357685";"-3.7045265016586013";"915 536 160";"";"cscjespronceda@madrid.es";"/contenido/entidadesYorganismos/CentrosCulturales"; 
102131;"Centro Sociocultural Latina";"";"De lunes a viernes de 9:30 a 14:30 horas y de 16:30 a 18:30 horas.Julio, de lunes a viernes de 9:30 a 16 horas.Agosto cerrado excepto última semana con horario habitual. Fuera de este horario el centro permanecerá abierto durante la celebración de las actividades que se programen.";"1 sala de lectura.1 sala de exposiciones.6 aulas.Zona wifi.";"Bus: 155.Cercanías Renfe: Fanjul (línea C5).";"En la misma sede: Sala de Estudio Latina.";"1";"http://www.madrid.es/sites/v/index.jsp?vgnextchannel=bfa48ab43d6bb410VgnVCM100000171f5a0aRCRD&vgnextoid=a4ed8899fc81c010VgnVCM1000000b205a0aRCRD";"RODRIGO DE ARANA";"CALLE";"V";"50";"";"";"";"";"MADRID";"MADRID";"28044";"LAS AGUILAS";"LATINA";"434982";"4470177";"40.3796366471018";"-3.7659492448759053";"915 095 470 / 915 095 471";"";"juvenlatina@madrid.es";"/contenido/entidadesYorganismos/CentrosCulturales"; 
1918;"Centro Sociocultural Lavapiés (Centro)";"";"De lunes a viernes, de 9 a 18 horas. Julio, de lunes a viernes de 9 a 14 horas.  Agosto cerrado. Fuera de este horario el centro permanecerá abierto durante la celebración de las actividades que se programen.";"Salón de actos / auditorio (aforo 80 personas)9 aulas1 sala de ensayo";"Metro: Lavapiés (línea 3).Bus: M1BICIMAD: Estación 43 (calle Lavapiés., 34-36)Estación 53 (calle Valencia, 1)";"";"0";"http://www.madrid.es/sites/v/index.jsp?vgnextchannel=bfa48ab43d6bb410VgnVCM100000171f5a0aRCRD&vgnextoid=5f891e79ee71c010VgnVCM1000000b205a0aRCRD";"OLIVAR";"CALLE";"V";"46";"";"";"";"";"MADRID";"MADRID";"28012";"EMBAJADORES";"CENTRO";"440474";"4473465";"40.40966697102759";"-3.701574291636879";"915 060 712 / 915 060 775";"";"cclavapies@madrid.es";"/contenido/entidadesYorganismos/CentrosCulturales"; 
1961;"Centro Sociocultural Luis Gonzaga (Chamartín)";"";"De lunes a viernes, de 9:30 a 14 horas y de 16:30 a 18:30 horas. Viernes, hasta 17:30 horas.  Julio y agosto, de lunes a viernes, de 9:30 a 14:30 horas.  Cerrado del 1 al 25 Agosto.  Fuera de este horario el centro permanecerá abierto durante la celebración de las actividades que se programen.";"Salas de lectura y estudio7 aulasZona wifi";"Metro: Cruz del Rayo (línea 9)Bus: 29, 52, 1BICIMAD: Estación 146 (calle María Francisca, 1)";"";"1";"http://www.madrid.es/sites/v/index.jsp?vgnextchannel=bfa48ab43d6bb410VgnVCM100000171f5a0aRCRD&vgnextoid=ba8b3d232e91f010VgnVCM1000000b205a0aRCRD";"PRINCIPE DE VERGARA";"CALLE";"V";"142";"";"";"";"";"MADRID";"MADRID";"28002";"CIUDAD JARDIN";"CHAMARTIN";"442496";"4477359";"40.44489723228663";"-3.6780972922453685";"915 886 596 / 915 885 219";"";"juvenlgonzaga@madrid.es";"/contenido/entidadesYorganismos/CentrosCulturales"; 
1909;"Centro Sociocultural Maestro Alonso (Salamanca)";"";"De lunes a jueves de 9 a 14 y de 15 a 18 horas. Viernes de  de 9 a 14 y de 15 a 17 horas.Fuera de este horario el centro permanecerá abierto durante la celebración de las actividades que se programen.";"Sala de exposiciones Sala de lectura y estudioSalón de actos / auditorio (aforo 154 personas)4 salas de ensayo14 aulasCafetería4 Zonas wifiAula navegación libre Internet";"Metro: Ventas (líneas 2, 5)Bus: 21, 53, 38, 106, 110, 146, 210";"";"1";"http://www.madrid.es/sites/v/index.jsp?vgnextchannel=bfa48ab43d6bb410VgnVCM100000171f5a0aRCRD&vgnextoid=783f1e79ee71c010VgnVCM1000000b205a0aRCRD";"MAESTRO ALONSO";"CALLE";"V";"6";"";"";"";"";"MADRID";"MADRID";"28028";"FUENTE DEL BERRO";"SALAMANCA";"443605";"4475629";"40.42938854032785";"-3.664855511110751";"917 268 800 / 913 560 807";"";"";"/contenido/entidadesYorganismos/CentrosCulturales"; 
170066;"Centro Sociocultural Marconi (Villaverde)";"";"Secretaría: de lunes a jueves de 9:30 a 13:30 y de 16:30 a 19:30 y viernes de 9:30 a 13:30 horas.Durante el mes de  julio el horario será de 9 a 14 horas, de lunes a viernes.";"Sala de exposicionesSala de lectura y estudio3 aulasCafeteríaZona wifi";"Bus: 79Renfe: San Cristóbal Industrial";"";"1";"http://www.madrid.es/sites/v/index.jsp?vgnextchannel=bfa48ab43d6bb410VgnVCM100000171f5a0aRCRD&vgnextoid=6cb0085f5181c010VgnVCM1000000b205a0aRCRD";"COLONIA MARCONI";"ACCESO";"V";"4";"";"";"";"calle Eustaquio 25 (frente a fachada)";"MADRID";"MADRID";"28021";"SAN ANDRES";"VILLAVERDE";"440472";"4465148";"40.334751832113774";"-3.700809560921597";"917 100 232";"";"ccmarconi@madrid.es";"/contenido/entidadesYorganismos/CentrosCulturales"; 
1970;"Centro Sociocultural Miguel de Cervantes (San Blas - Canillejas)";"";"De lunes a viernes, de 10 a 14 horas.  Fuera de este horario el centro permanecerá abierto durante la celebración de las actividades que se programen.";"Sala de exposiciones2 salas de lectura y estudioSalón de actos / auditorio (aforo 125 personas)3 aulasZona wifi";"Bus: 48, 140, 28";"";"1";"http://www.madrid.es/sites/v/index.jsp?vgnextchannel=bfa48ab43d6bb410VgnVCM100000171f5a0aRCRD&vgnextoid=24be1e79ee71c010VgnVCM1000000b205a0aRCRD";"ALIAGA";"CALLE";"V";"5";"";"";"";"";"MADRID";"MADRID";"28022";"CANILLEJAS";"SAN BLAS-CANILLEJAS";"448148";"4476402";"40.43664778776818";"-3.611362970564875";"917 430 078";"";"ccmcervantes@madrid.es";"/contenido/entidadesYorganismos/CentrosCulturales"; 
5514552;"Centro Sociocultural Montecarmelo (Fuencarral - El Pardo)";"";"De lunes a sábado de 9 a 15 y de 16 a 21 horas. Domingos y festivos de 10 a 15 horas.";"Sala de exposicionesSala de lectura y estudioSalón de actos / auditorio6 aulas";"Bus: 134 , 178";"";"1";"http://www.madrid.es/sites/v/index.jsp?vgnextchannel=bfa48ab43d6bb410VgnVCM100000171f5a0aRCRD&vgnextoid=30f2b51ae6295210VgnVCM2000000c205a0aRCRD";"Santuario de Valverde";"Avenida";"T";"114";"";"";"";"Acceso a través del PAU Montecarmelo";"MADRID";"MADRID";"28049";"EL GOLOSO";"FUENCARRAL-EL PARDO";"441892";"4485296";"40.51635495615339";"-3.685946562681175";"917 364 151 / 917 364 329";"";"ccmontecarmelo@madrid.es";"/contenido/entidadesYorganismos/CentrosCulturales"; 
1964;"Centro Sociocultural Oporto (Carabanchel)";"";"De lunes a viernes, mañanas, de 10 a 13 horas. De lunes a jueves, tardes, de 16:30 a 18 horas. Agosto cerrado. Fuera de este horario el centro permanecerá abierto durante la celebración de las actividades que se programen.";"Sala de lectura y estudioSalón de actos / auditorio (aforo 108 personas)4 aulas2 gimnasios. sala de baile, máquinas vendingZona wifi (en la planta baja)";"Metro: Oporto (líneas 5, 6) , Opañel (línea 6)Bus: 55, 81, 108, 118, 247";"";"1";"http://www.madrid.es/sites/v/index.jsp?vgnextchannel=bfa48ab43d6bb410VgnVCM100000171f5a0aRCRD&vgnextoid=357a1e79ee71c010VgnVCM1000000b205a0aRCRD";"OPORTO";"AVENIDA";"V";"78";"";"";"";"";"MADRID";"MADRID";"28019";"OPAÑEL";"CARABANCHEL";"438232";"4470949";"40.38684744124125";"-3.727740326743959";"914 603 801   / 914 603 912";"";"ccoporto@madrid.es";"/contenido/entidadesYorganismos/CentrosCulturales"; 
1924;"Centro Sociocultural Rafael de León (Fuencarral - El Pardo)";"";"Secretaría: de lunes a viernes de 9 a 13:30 y de 17 a 19 horas.";"Salón de actos / auditorio8 aulasZona wifi";"Metro: Avenida de la Ilustración (línea 7)Bus: 49 , 64 , 67 , 83 , 133";"";"1";"http://www.madrid.es/sites/v/index.jsp?vgnextchannel=bfa48ab43d6bb410VgnVCM100000171f5a0aRCRD&vgnextoid=7e0b1e79ee71c010VgnVCM1000000b205a0aRCRD";"ISLA DE ONS";"CALLE";"V";"14";"";"";"";"";"MADRID";"MADRID";"28035";"PEÑA GRANDE";"FUENCARRAL-EL PARDO";"438850";"4481314";"40.48025613358832";"-3.7214686777952974";"917 310 350";"";"ccreleon@madrid.es";"/contenido/entidadesYorganismos/CentrosCulturales"; 
43311;"Centro Sociocultural Rosario de Acuña (Latina)";"";"De lunes a jueves, de 9:30 a 14 horas y de 16:30 a 18 horas. Viernes, de 9:30 a 14 horas y de 16:30 a 17:30 horas.Julio y última semana de agosto, de lunes a viernes, de 9:30 a 14 horas. Tres primeras semanas de agosto cerrado.Fuera de este horario el centro permanecerá abierto durante la celebración de las actividades que se programen.";"Sala de exposiciones.2 salas de lectura y estudio.Salón de actos / auditorio (aforo 90 plazas).8 aulas.Zona wifi.";"Bus: 119, 138.Metro: Alto de Extremadura (línea 6).";"En la misma sede están ubicadas las salas de estudio 'Escritor Pedro de Répide' y 'Arquitecto Juan de Herrera' con 16 puestos de lectura cada una.";"1";"http://www.madrid.es/sites/v/index.jsp?vgnextchannel=bfa48ab43d6bb410VgnVCM100000171f5a0aRCRD&vgnextoid=2bae598d1351c010VgnVCM1000000b205a0aRCRD";"MARIA DEL CARMEN";"CALLE";"V";"65";"";"";"";"";"MADRID";"MADRID";"28011";"PUERTA DEL ANGEL";"LATINA";"437830";"4473132";"40.40647389284976";"-3.7327010920242043";"914 649 304";"";"ccrosarioacuna@madrid.es";"/contenido/entidadesYorganismos/CentrosCulturales"; 
1950;"Centro Sociocultural San Cristóbal de los Ángeles (Villaverde)";"";"Secretaría: de lunes a viernes de 9 a 13 y de 16 a 18 horas.Durante el mes de julio el horario será de 9 a 13 horas.";"Sala de exposicionesSala de lectura y estudioSalón de actos6 aulasZona wifi";"Metro: San Cristóbal (línea 3)Bus: 59, 79,";"";"1";"http://www.madrid.es/sites/v/index.jsp?vgnextchannel=bfa48ab43d6bb410VgnVCM100000171f5a0aRCRD&vgnextoid=7f4a79262ef5d010VgnVCM1000000b205a0aRCRD";"PINAZO";"PLAZA";"V";"9";"1ª";"";"";"";"MADRID";"MADRID";"28021";"SAN CRISTOBAL";"VILLAVERDE";"441460";"4466191";"40.34233618931469";"-3.6905504735084342";"917 100 410 / 917 100 413";"";"ccscangeles@madrid.es";"/contenido/entidadesYorganismos/CentrosCulturales"; 
1935;"Centro Sociocultural San Fermín (Usera)";"";"De lunes a viernes, de 10 a 14 y de 17 a 20 horas.Agosto cerrado.Fuera de este horario el centro permanecerá abierto durante la celebración de las actividades que se programen.";"Salón de actos / auditorio4 aulasZona wifi";"Metro: San Fermín - Orcasur (línea 3)Bus: 23, 78, 123";"";"1";"http://www.madrid.es/sites/v/index.jsp?vgnextchannel=bfa48ab43d6bb410VgnVCM100000171f5a0aRCRD&vgnextoid=1b5b1e79ee71c010VgnVCM1000000b205a0aRCRD";"ESTAFETA";"CALLE";"V";"33";"";"";"";"";"MADRID";"MADRID";"28041";"SAN FERMIN";"USERA";"441247";"4469238";"40.37164288657417";"-3.6920627827867514";"917 920 111";"";"";"/contenido/entidadesYorganismos/CentrosCulturales"; 
117716;"Centro Sociocultural Santa Petronila (Villaverde)";"";"Secretaría: de lunes a viernes de 9:30 a 14:00 y de 16 a 18 horas.(Durante el mes de julio el horario de oficina será de 9 a 14 horas ).";"Sala de lectura y estudioSalón de actos / auditorioCafetería comedorZonas de exposiciones en planta primera y segunda16 aulasAscensorAseos adaptadosCambiador de bebe en planta bajaZona wifi";"Metro: Villaverde Bajo Cruce (línea 3)Bus: 59 , 79 , 85 , 123Renfe: Villaverde Bajo";"En la misma sede se encuentra la Oficina de información juvenil y el Espacio de Igualdad Clara Campoamor.";"1";"http://www.madrid.es/sites/v/index.jsp?vgnextchannel=bfa48ab43d6bb410VgnVCM100000171f5a0aRCRD&vgnextoid=03f7cbf06c81c010VgnVCM1000000b205a0aRCRD";"MARIA MARTINEZ OVIOL";"CALLE";"V";"12";"";"";"";"";"MADRID";"MADRID";"28021";"LOS ROSALES";"VILLAVERDE";"441277";"4466932";"40.35087114162283";"-3.691508909255186";"917 109 710";"";"ccspetronila@madrid.es";"/contenido/entidadesYorganismos/CentrosCulturales"; 
1937;"Centro Sociocultural Talleres de Creatividad (Puente de Vallecas)";"";"Lunes a viernes, de 9 a 13:45 y de 17 a 18:45 horas. Julio, lunes a viernes, de 9 a 14 horas. Agosto cerrado.Fuera de este horario el centro permanecerá abierto durante la celebración de las actividades que se programen.";"Sala de lectura y estudio7 aulasZona wifi";"Metro: Nueva Numancia, Portazgo (línea 1)Bus: 10, 24, 57, 103, 111, 310";"";"0";"http://www.madrid.es/sites/v/index.jsp?vgnextchannel=bfa48ab43d6bb410VgnVCM100000171f5a0aRCRD&vgnextoid=b7ab1e79ee71c010VgnVCM1000000b205a0aRCRD";"SIERRA CARBONERA";"CALLE";"V";"74";"";"";"";"";"MADRID";"MADRID";"28053";"SAN DIEGO";"PUENTE DE VALLECAS";"443532";"4471268";"40.39009728291889";"-3.665329063724782";"917 570 189 / 917 570 240";"";"ctcepvallecas@madrid.es";"/contenido/entidadesYorganismos/CentrosCulturales"; 
1971;"Centro Sociocultural Teresa de Calcuta (Barajas)";"";"De lunes a viernes, de 9 a 14 y de 17 a 19 horas. Agosto cerrado.Fuera de este horario el centro permanecerá abierto durante la celebración de las actividades que se programen.";"Sala de exposicionesSala de lectura y estudio7 aulasZona wifiCafetería";"Metro: Alameda de Osuna (línea 5)Bus: 112, 114, 115, 166, 151, 101";"";"1";"http://www.madrid.es/sites/v/index.jsp?vgnextchannel=bfa48ab43d6bb410VgnVCM100000171f5a0aRCRD&vgnextoid=f50e1e79ee71c010VgnVCM1000000b205a0aRCRD";"NAVIO";"PLAZA";"V";"4";"";"";"";"";"MADRID";"MADRID";"28042";"ALAMEDA DE OSUNA";"BARAJAS";"450174";"4478461";"40.45531140556268";"-3.587638001688095";"913 295 920";"";"ccteresacalcuta@madrid.es";"/contenido/entidadesYorganismos/CentrosCulturales"; 
1948;"Centro Sociocultural Tetuán";"";"De lunes a jueves, de 9:30 a 13:30 y de 16:30 a 18 horas. Viernes de 9:30 a 13:30 horas. Julio, de lunes a viernes, de 9:30 a 13:30 horas.Agosto cerrado. Fuera de este horario el centro permanecerá abierto durante la celebración de las actividades que se programen.";"1 Salón de actos / auditorio (aforo: 80 personas)8 aulas1 sala de ensayoZona wifi (planta baja)";"Metro: Tetuán (línea 1)Bus: 66, 124";"";"1";"http://www.madrid.es/sites/v/index.jsp?vgnextchannel=bfa48ab43d6bb410VgnVCM100000171f5a0aRCRD&vgnextoid=0ecb1e79ee71c010VgnVCM1000000b205a0aRCRD";"BRAVO MURILLO";"CALLE";"V";"251";"";"";"";"";"MADRID";"MADRID";"28020";"BERRUGUETE";"TETUAN";"440628";"4478947";"40.45907130615822";"-3.700271645324868";"915 790 851";"";"csctetuan@madrid.es";"/contenido/entidadesYorganismos/CentrosCulturales"; 
1923;"Centro Sociocultural Valle Inclán (Fuencarral - El Pardo)";"";"Secretaría: de lunes a jueves de 9 a 13:30 y de 16:30 a 18:30. Viernes de 9 a 13:30 horas.";"Sala de exposicionesSalón de actos / auditorio6 aulasZona wifi";"Bus: 67 , 132";"";"1";"http://www.madrid.es/sites/v/index.jsp?vgnextchannel=bfa48ab43d6bb410VgnVCM100000171f5a0aRCRD&vgnextoid=aa1c1e79ee71c010VgnVCM1000000b205a0aRCRD";"ARZOBISPO MORCILLO";"CALLE";"V";"7";"";"";"";"";"MADRID";"MADRID";"28029";"LA PAZ";"FUENCARRAL-EL PARDO";"441233";"4481384";"40.48106787416528";"-3.6933504628706095";"913 230 805";"";"ccvalleinclan@madrid.es";"/contenido/entidadesYorganismos/CentrosCulturales"; 
1908;"Centro Sociocultural Valverde (Fuencarral - El Pardo)";"";"Secretaría: de lunes a viernes de 9 a 13:30 y de 16:30 a 19 horas.";"Sala de exposicionesSalón de actos / auditorio6 aulasZona wifi";"Metro: Fuencarral (línea 10)Bus: 66, 137";"";"1";"http://www.madrid.es/sites/v/index.jsp?vgnextchannel=bfa48ab43d6bb410VgnVCM100000171f5a0aRCRD&vgnextoid=f04c1e79ee71c010VgnVCM1000000b205a0aRCRD";"ISLAS AZORES";"PLAZA";"V";"1";"";"";"";"";"MADRID";"MADRID";"28034";"VALVERDE";"FUENCARRAL-EL PARDO";"441699";"4482933";"40.49504564211655";"-3.6880070256093758";"917 364 760";"";"ccvalverde@madrid.es";"/contenido/entidadesYorganismos/CentrosCulturales"; 
4679597;"Centro Sociocultural Vicálvaro";"";"De lunes a viernes, de 9 a 14 horas y de 17 a 19 horas. De 15 junio a 31 julio y de 1 a 15 septiembre, de lunes a viernes, de 9 a 14 horas.Semana San Isidro, de lunes a viernes, de 9 a 14 horas.Agosto cerrado.Fuera de este horario el centro permanecerá abierto durante la celebración de las actividades que se programen.";"4 aulasSala de lectura y estudioSala de estudio y trabajos colectivos (Lunes a viernes, de 9 a 14 horas, agosto cerrado)Zona wifi";"Metro: Vicálvaro (línea 9)Bus: 4, 100, 106, 130, E3";"";"0";"http://www.madrid.es/sites/v/index.jsp?vgnextchannel=bfa48ab43d6bb410VgnVCM100000171f5a0aRCRD&vgnextoid=05ec3ef2c5ff5110VgnVCM1000000b205a0aRCRD";"LAGO TITICACA";"CALLE";"V";"10";"";"";"";"";"MADRID";"MADRID";"28032";"CASCO H.VICALVARO";"VICALVARO";"448368";"4472576";"40.40219442341818";"-3.6084585863003733";"917 753 200 / 917 753 201";"";"cscvicalvaro@madrid.es";"/contenido/entidadesYorganismos/CentrosCulturales"; 
124354;"Centro Sociocultural de Moratalaz";"";"De lunes a viernes, de 9:15 a 13:45 y de 17:15 a 18:45 horas.Julio y agosto, de lunes a viernes, de 9:15 a 13:45 horas.Fuera de este horario el centro permanecerá abierto durante la celebración de las actividades que se programen.";"Sala de exposicionesSala de lectura y estudio7 aulas2 zonas wifiAula multimedia";"Metro: Pavones (línea 9)Bus: 142, 144, 8, 20, 32";"";"1";"http://www.madrid.es/sites/v/index.jsp?vgnextchannel=bfa48ab43d6bb410VgnVCM100000171f5a0aRCRD&vgnextoid=bf388899fc81c010VgnVCM1000000b205a0aRCRD";"FUENTE CARRANTONA";"CALLE";"V";"10";"";"";"";"";"MADRID";"MADRID";"28030";"PAVONES";"MORATALAZ";"445974";"4472263";"40.399222766804556";"-3.6366543437448824";"915 880 459 / 915 887 435";"";"ccjmoratalaz@madrid.es";"/contenido/entidadesYorganismos/CentrosCulturales"; 
1996;"Centro Sociocultural Ágata (Villaverde)";"";"Secretaría: de lunes a jueves de 9 a 13:00 y de 17:00 a 19 horas.Durante el mes de  julio  y Navidad el horario será  de 9 a 14 horas.";"Sala de exposicionesSala de lectura y estudioSalón de actos / auditorio11 aulasCafeteríaZona wifi";"Bus: 22 , 79 , 86 , 130 , 131";"";"1";"http://www.madrid.es/sites/v/index.jsp?vgnextchannel=bfa48ab43d6bb410VgnVCM100000171f5a0aRCRD&vgnextoid=d9743d0b5e71c010VgnVCM1000000b205a0aRCRD";"DOCTOR MARTIN AREVALO";"CALLE";"V";"2";"";"";"";"";"MADRID";"MADRID";"28021";"SAN ANDRES";"VILLAVERDE";"442001";"4471735";"40.34636268334182";"-3.708524395897377";"917 109 300";"";"ccagata@madrid.es";"/contenido/entidadesYorganismos/CentrosCulturales"; 
6013703;"CentroCentro";"CentroCentro es un espacio público y abierto, dedicado al arte contemporáneo, que presta especial atención a las prácticas artísticas y curatoriales. Estas, a través de la investigación, la experimentación y la reflexión crítica, nos ayudan a conectar con el mundo en que vivimos de un modo imaginativo e innovador.CentroCentro se construye a partir del contexto artístico local, en red con el nacional e internacional, y en estrecha relación con las personas que habitan y visitan la ciudad de Madrid. Las actividades que desarrollamos parten del aprendizaje colectivo y el apoyo a los procesos de trabajo, a través de un programa de exposiciones, conciertos, talleres, seminarios, encuentros, grupos de lectura, performances, proyecciones y publicaciones, entre otros.";"Exposiciones Martes a domingo: de 10 a  20 horas. Las salas se desalojarán 15 minutos antes del cierre del centro.Cerrado todos los lunes, 1 y 6 de enero, 1 de mayo y 24, 25 y 31 de diciembre. 5 de enero abierto en horario de mañana.";"Espacio contemporáneo de producción artística y cultural. Puesto de atención telefónica 010:  identificado con el logotipo de Lineamadrid, permite a la ciudadanía contactar con el teléfono de información municipal 010, solo con descolgar y de forma  gratuita.  Auditorio Caja de Música  Galería de Cristal: Horario, de lunes a domingo de 10 a 20 horas, siempre que no haya actividad en el espacio. Entrada gratuita. Acceso por pórtico de la calle Alcalá o calle Montalbán.Información cultural y turística: planta 2. Planta principal. Cafetería Colección Cibeles Planta 2. Planta principalHorario: de lunes a domingo de 10 a 24 horasTeléfono: 915 231 570 Tienda librería - Cerrada provisionalmente desde 1 Mayo 2018   Zonas de lectura     Wifi gratuito     Restaurante Palacio de Cibeles  Planta 6Horario: de lunes a domingo, de 13 a 16 horas y de 20 a 24 horasTeléfono 915 231 454 Terraza bar Planta 6Horario: de domingo a jueves, de 13 a 2 h. Viernes y sábado, de 13 a 2,30 horas.  Mirador Madrid  Horario: Martes a domingo: 10:30 a 14 y de 16 a 19:30 horasPases cada 30 minutos. Último acceso: 13:30 y 19 horasCerrado todos los lunes, 1 y 6 de enero, 1 de mayo, 24, 25 y 31 de diciembre";"Metro: Banco de EspañaTren: RecoletosAutobuses: 1, 2, 202, 5, 9, 10, 14,15,20,27,34,37,45,51,52,53,74,146,150, 203, Línea Expres AeropuertoAparcamiento: calle MontalbánAparcamiento para bicicletas: calle Montalbán, 1";"Uso de cámaras fotográficas: está permitido tomar fotografías en el edificio con cámaras de mano y efectuar grabaciones con vídeo. No se permite el uso de flash en las áreas expositivas. No se permite el uso de trípodes. Se prohíbe la reproducción, distribución o venta de fotografías o grabaciones de vídeo sin previa autorización.";"1";"http://www.madrid.es/sites/v/index.jsp?vgnextchannel=bfa48ab43d6bb410VgnVCM100000171f5a0aRCRD&vgnextoid=5ff519cd7bcee210VgnVCM1000000b205a0aRCRD";"CIBELES";"PLAZA";"V";"1";"";"";"";"Palacio de Cibeles";"MADRID";"MADRID";"28014";"LOS JERONIMOS";"RETIRO";"441277";"4474496";"40.419011767401095";"-3.692206111679657";"914 800 008 / 010 (915 298 210 si llama desde fuera del municipio de Madrid)";"";"info@centrocentro.org";"/contenido/entidadesYorganismos/CentrosCulturales"; 
1916;"Conde Duque";"Conde Duque es un espacio cultural vinculado a la memoria y a la la difusión de Madrid.Entre sus fines se encuentran: la difusión de la historia de Madrid, el intercambio de conocimientos históricos con la sociedad, la conservación de  los fondos históricos y artísticos del Ayuntamiento y la producción y exhibición de manifestaciones artísticas relacionadas con el mundo de la escena y de la música.";"Exposiciones (entrada gratuita) De martes a sábado de 10 a 14 y de 17:30 a 21 horas.Domingos y festivos de 10:30 a 14 horas.";"Salas de Exposiciones: espacios expositivos con más de mil quinientos metros cuadrados, caracterizada por sus muros de ladrillo y por los espacios abovedados. Auditorio Conde Duque: 1300 metros cuadrados, renovados en el 2011. Teatro Conde Duque: espacio escénico moderno y versátil, con una escena de 12 por 17 metros de superficie y un peine de 5,99 metros de altura. Cuenta, además, con dos grandes salas de ensayo adyacentes.  Salon de Actos: una gran sala de doble altura, totalmente forrada de madera, que está preparada para la realización de conferencias, presentaciones, congresos y seminarios. Ocupa las plantas primera y segunda de la zona del edificio que se sitúa encima del vestíbulo general desde el que tiene acceso. Dotado de medios de audición y gran pantalla de proyección, dispone de una capacidad de 293 asientos.   Zona wifi.";"Metro: Ventura Rodríguez (línea 3), San Bernardo (línea 2 y 4) y Noviciado (línea 2).Bus: 1, 2, 44, 74, 133, 202, 749, Minibús M-2BICIMAD: Estación 13 (calle Conde Duque, 22)";"Teatro, Auditorio  Venta de entradas: en la página y taquilla del recintoContacto: 917 220 573 (de lunes a viernes de 10 a 14:30 horas y de 16 a 17 horas)Correo electrónico: actividades@condeduquemadrid.es  Salón de actos, Salas de ensayo y Eventos Contacto: 917 220 573 (de lunes a viernes de 10 a 14:30 horas y de 16 a 17 horas)Correo electrónico: actividades@condeduquemadrid.es  Exposiciones: entrada gratuita Contacto: 914 800 401Correo electrónico: cdinfoexposiciones@madrid.es";"1";"http://www.madrid.es/sites/v/index.jsp?vgnextchannel=bfa48ab43d6bb410VgnVCM100000171f5a0aRCRD&vgnextoid=64463d0b5e71c010VgnVCM1000000b205a0aRCRD";"CONDE DUQUE";"CALLE";"V";"11";"";"";"";"";"MADRID";"MADRID";"28015";"UNIVERSIDAD";"CENTRO";"439759";"4475508";"40.42802889001877";"-3.710182353581842";"";"";"";"/contenido/entidadesYorganismos/MonumentosEdificiosArtisticos"; 
1915;"Fernán Gómez Centro Cultural de la Villa";"";"Venta anticipada de martes a domingo : mañanas de 11 a 13:30 horas y tardes de 17 a 19 horas.  Mismo día. Martes a domingo: mañanas de 11 a 13:30 horas y tardes de 17 hasta comienzo de representación. Lunes cerrado.";"Sala Guirau (aforo 689 personas),en ella se desarrollan los espectáculos principales de teatro de gran formato, ciclos de danza y música, así como espectáculos infantiles. Sala Jardiel Poncela (aforo desde 95 hasta 175 personas, depende de la disposición de la obra que represente), acoge habitualmente una variada programación en la que tienen cabida actividades de disciplinas artísticas relacionadas con las artes escénicas; música, danza, teatro para adultos y bebes, conferencias, debates, encuentros y talleres. Sala de exposiciones (2000 m2) Sala Polivalente (aforo 50 personas) se utiliza para conferencias, talleres, cursos, sala de ensayo, ruedas de prensa y demás eventos que por su capacidad se puedan realizar en ella.";"Metro: Colón (línea 4), Serrano (línea 4)Bus: 21, 37, 5, 14, 27, 45, 150, 53Bicimad: Estación 93 (calle Goya, 1)Renfe: Recoletos";"Los días con funciones en horario de comienzo a las 17:30 la taquilla abrirá a las 16 horas para la venta exclusiva de estos espectáculos en ese horario. La venta anticipada para el resto de funciones comenzará a las 17:30 y durará hasta las 19 horas.NOTA: Los lunes que haya función solo se realizará exclusivamente venta de ese espectáculo y para esa función Centralita: Teléfonos:914 362 540 / 913 184 630  Información:  Teléfonos:913 184 631 - info.tfg@teatrofernangomez.es   Gerencia: 913 184 635 Secretaría: 913 184 634 Administración: 913 184 744  Prensa:  913 184 637  Publicidad:  913 184 635 Promoción: 913 184 636 Coordinación Exposiciones: 913 184 638 Coordinación Programación Teatro: 913 184 639  Gestión de Audiencias:  913 184 733 / 913 184 734  Grupos:  Compra:entradas@teatrofernangomez.es - Teléfono: 913 184 700. Reserva: grupos@teatrofernangomez.com - Teléfono: 913 184 733 / 913 184 734 Amigos TFG:  amigos@teatrofernangomez.com - Teléfono: 913 184 733 / 734 / Extensiones - 1733 / 1734 / 1742   Más información:   www.teatrofernangomez.es  info.tfg@teatrofernangomez.es  entradas@teatrofernangomez.es  Teléfono: 914 362 540 / 913 184 630";"1";"http://www.madrid.es/sites/v/index.jsp?vgnextchannel=bfa48ab43d6bb410VgnVCM100000171f5a0aRCRD&vgnextoid=ba663d0b5e71c010VgnVCM1000000b205a0aRCRD";"COLON";"PLAZA";"V";"4";"";"";"";"";"MADRID";"MADRID";"28001";"RECOLETOS";"SALAMANCA";"441476";"4475151";"40.424926347610764";"-3.6899208519663427";"913 184 631 (Información)";"";"info.tfg@teatrofernangomez.es";"/contenido/entidadesYorganismos/Teatros"; 
4684678;"Matadero Madrid";"";"Punto de información al visitante: de 9.30 a 21 horas.Tanto la Plaza como la Calle Matadero se encuentran abiertos al tránsito de peatones todos los días desde las 9 a las 22 horasHorario habitual actividades:De martes a viernes de 16 a 21 horas.  Sábados, domingos y festivos de 12 a 21 horas.";"Espacios   Casa del Lector    Central de diseño    Intermedi&amp;aelig;    Centro de residencias artísticas    Naves Matadero    Cineteca    Extensión AVAM    Factoría Cultural    Oficina de Coordinación";"Renfe: Embajadores Metro: Legazpi (líneas 3, 6)Bus: 62, 6, 78, 148BICIMAD: Estación 165 (Paseo Chopera, 14)";"El acceso a Matadero Madrid es gratuito y la apertura de exposiciones y el grueso de las actividades se concentra en las tardes y los fines de semana.  Es posible concertar visitas guiadas a Matadero Madrid en grupo (máximo de 30 personas). Es necesario hacerlo con al menos una semana de antelación.   Existen visitas guiadas para grupos con discapacidades sensoriales y necesidades específicas.  Horario: Martes y jueves de 12 a 14 h.  La reserva de plazas a través de formulario de inscripción (ver web) y enviar a info@mataderomadrid.org.Matadero Madrid ofrece visitas guiadas para grupos formados por un máximo de 30 personas los martes y los jueves de 12 a 14 horas. También es posible concertar visitas para personas con discapacidades sensoriales y necesidades específicas.  Estos recorridos se pondrán en marcha a partir del mes de mayo de 2019.  Para concertar una visita en grupo es necesario cumplimentar este formulario de inscripción y enviarlo a info@mataderomadrid.org. Las solicitudes deben ser enviadas con una semana de antelación.";"1";"http://www.madrid.es/sites/v/index.jsp?vgnextchannel=bfa48ab43d6bb410VgnVCM100000171f5a0aRCRD&vgnextoid=ef686a9ee7336110VgnVCM1000000b205a0aRCRD";"LEGAZPI";"PLAZA";"V";"8";"";"";"";"";"MADRID";"MADRID";"28045";"CHOPERA";"ARGANZUELA";"440946";"4471394";"40.391054868587204";"-3.6958072892892155";"913 184 670";"";"";"/contenido/entidadesYorganismos/SalasExposiciones"; 
4776440;"Medialab - Prado";"Medialab Prado es un laboratorio ciudadano que funciona como lugar de encuentro para la producción de proyectos culturales abiertos. Cualquier persona puede hacer propuestas o sumarse a otras y llevarlas a cabo de manera colaborativa. La actividad se estructura en grupos de trabajo, convocatorias abiertas para la producción de proyectos, investigación colaborativa y comunidades de aprendizaje en torno a temas muy diversos.";"Lunes de 16 a 21 horasMartes, miércoles, jueves y viernes de 10 a 21 horasSábados de 11 a 21 horasCerrado: domingos y festivos";"DataLab: Laboratorio de Datos Abiertos PrototipaLab: Laboratorio de prototipado creativo ParticipaLab: Laboratorio de Inteligencia Colectiva para la Participación Democrática. InCiLab: Laboratorio de Innovación Ciudadana. CiCiLab: Laboratorio de Ciencia Ciudadana.";"Metro: Estación del Arte (Atocha) (línea 1), Antón Martín (línea 1)Bus: 6, 10, 14, 26, 27, 32, 34, 37, 45 E1 Cercanías: Atocha (C1, C2, C3, C4, C5, C7, C8, C10)  BICIMAD: Estación 67 (calle Almadén 28)";"Programa de actividades y más información en el sitio web de Medialab-Prado  Las actividades son abiertas y gratuitas.";"1";"http://www.madrid.es/sites/v/index.jsp?vgnextchannel=bfa48ab43d6bb410VgnVCM100000171f5a0aRCRD&vgnextoid=79f59dacff4d7110VgnVCM1000000b205a0aRCRD";"ALAMEDA";"CALLE";"V";"15";"";"";"";"";"MADRID";"MADRID";"28014";"CORTES";"CENTRO";"441135";"4473558";"40.410560776119";"-3.6937931079230744";"912 191 157";"";"info.m@medialab-prado.es";"/contenido/entidadesYorganismos/CentrosCulturales"; 
10189992;"Nave de Terneras del Centro Cultural Casa del Reloj";"";"";"";"Metro: Legazpi (líneas 3, 6)Bus: 62, 6, 78, 148BICIMAD: Estación 165 (Paseo Chopera, 14)";"";"1";"http://www.madrid.es/sites/v/index.jsp?vgnextchannel=bfa48ab43d6bb410VgnVCM100000171f5a0aRCRD&vgnextoid=6c5c625c0d168510VgnVCM1000001d4a900aRCRD";"CHOPERA";"PASEO";"V";"10";"";"";"";"";"MADRID";"MADRID";"28045";"CHOPERA";"ARGANZUELA";"440713";"4471660";"40.393432756132874";"-3.6985778802913103";"915 886 299 - 915 886 118";"";"";"/contenido/entidadesYorganismos/CentrosCulturales"; 







